{
    "inv_temp": 1000000,
    "qubits": 6,
    "h_val": -0.1,
    "beta": 0.0,
    "collision count": [
        0,
        11,
        22,
        33,
        44,
        55,
        66,
        77,
        88,
        100
    ],
    "results": {
        "100": {
            "0": {
                "taus": {},
                "observable": [
                    0.6666666666666666,
                    0.9811539999999999,
                    0.9989343333333333,
                    0.9999393333333332,
                    0.9999966666666666,
                    0.9999993333333332,
                    0.9999993333333332,
                    0.9999993333333332,
                    0.9999993333333332,
                    0.9999993333333332
                ],
                "swap_hash": "adbb00a1"
            },
            "0.9": {
                "taus": {},
                "observable": [
                    0.6666666666666666,
                    0.8614756666666668,
                    0.9360683333333332,
                    0.9703526666666668,
                    0.9862386666666666,
                    0.9934176666666665,
                    0.9969410000000001,
                    0.998508333333333,
                    0.9991696666666665,
                    0.9995396666666665
                ],
                "swap_hash": "fd24276f"
            },
            "0.99": {
                "taus": {},
                "observable": [
                    0.6666666666666666,
                    0.7407289999999997,
                    0.7623043333333335,
                    0.7826816666666666,
                    0.8013569999999999,
                    0.8184316666666666,
                    0.8339256666666666,
                    0.8480453333333331,
                    0.8611053333333331,
                    0.8741503333333331
                ],
                "swap_hash": "af86cf61"
            },
            "0.999": {
                "taus": {},
                "observable": [
                    0.6666666666666666,
                    0.7209876666666665,
                    0.7226616666666665,
                    0.7249083333333334,
                    0.727017,
                    0.72912,
                    0.7312766666666665,
                    0.7333149999999997,
                    0.7351989999999998,
                    0.7373770000000001
                ],
                "swap_hash": "e9115f9b"
            },
            "1": {
                "taus": {},
                "observable": [
                    0.6666666666666666,
                    0.7186633333333333,
                    0.7178246666666666,
                    0.7177609999999999,
                    0.7177509999999999,
                    0.7177506666666666,
                    0.7177506666666666,
                    0.7177506666666666,
                    0.7177506666666666,
                    0.7177506666666666
                ],
                "swap_hash": "dd867822"
            }
        }
    }
}