{"alpha_1": 692.6500000000138, "alpha_2": 3283.199999999831}