{"alpha_1": 96.40000000000089, "alpha_2": 2000.000000000357}