{"alpha_1": 18.65000000000006, "alpha_2": 8.999999999999996}