{"alpha_1": 7413.830309759372, "alpha_2": 100324.06671147939}