{"taylor": [[16.436711542137214, 16.523071826940395, 16.491853096329674], [18.526950010907424, 18.41609652361947, 18.465646113038886], [19.703471046071947, 19.690434556395054, 19.576956664706092], [20.44295968980239, 20.51081051832482, 20.339780426793325], [21.084818766270722, 21.011904233589537, 21.08711057777871], [21.634811050171717, 21.65060302221531, 21.569855608330947], [22.098213966372068, 22.066752080032455, 22.08256878549523], [22.50255602136704, 22.500351750440313, 22.40459276763488], [22.80396081064784, 22.792663219313454, 22.810697142143717], [23.11269497922535, 23.083135181498236, 23.123904787300532]], "trotter": [[10.491853096329674, 17.1357092861044, 23.779565475879124], [12.491853096329674, 19.1357092861044, 25.779565475879124], [13.661778097771988, 20.305634287546713, 26.949490477321437], [14.491853096329674, 21.1357092861044, 27.779565475879124], [15.1357092861044, 21.779565475879124, 28.423421665653848], [15.661778097771988, 22.305634287546713, 28.949490477321437], [16.10656294044488, 22.75041913021961, 29.394275319994332], [16.491853096329674, 23.1357092861044, 29.779565475879124], [16.831703099214298, 23.475559288989025, 30.11941547876375], [17.1357092861044, 23.779565475879124, 30.423421665653848]], "qdrift": [[13.884170519108435, 20.68465959962228, 27.37582150417536], [16.197946151066564, 22.731965314400636, 29.571372313293168], [17.303780748177104, 23.992088124814526, 30.54574650561767], [18.087980719566783, 24.610659018178502, 31.37582150417536], [18.660309330242598, 25.35236253135137, 32.06548138356321], [19.391243589427443, 25.87843134301896, 32.54574650561767], [19.555967098794586, 26.414846661157423, 32.764255492466894], [20.087980719566783, 26.8652318452641, 33.304268243150325], [20.561168590869755, 27.000262056260226, 33.61945619180068], [20.94769400545607, 27.27960618891606, 33.9962187211261]], "ktrotter": [[8.906890595608518, 12.076815597050832, 15.39231742277876], [10.285402218862249, 13.573647187493322, 16.889884170302828], [11.169925001442312, 14.449148645375436, 17.767356854125683], [11.754887502163468, 15.068778277985412, 18.389900172773064], [12.228818690495881, 15.553629293916364, 18.872674880270605], [12.62935662007961, 15.946906274456397, 19.267298770432536], [12.960001932068081, 16.280190792216906, 19.600900174030382], [13.257387842692651, 16.567956075415466, 19.889884170302828], [13.50382573799575, 16.823367240046235, 20.144698069331653], [13.734709620225837, 17.0515488384404, 20.372763056008832]]}