{
    "inv_temp": 1000000,
    "qubits": 6,
    "h_val": -0.1,
    "beta": 0.0,
    "collision count": [
        0,
        25,
        50,
        75,
        100
    ],
    "results": {
        "1": {
            "0": {
                "taus": {},
                "observable": [
                    0.6666666666666666,
                    0.8184083333333332,
                    0.8981206666666667,
                    0.9433236666666666,
                    0.9683843333333332
                ],
                "swap_hash": "fefcf2dc"
            },
            "0.1": {
                "taus": {},
                "observable": [
                    0.6666666666666666,
                    0.8182479999999999,
                    0.8982659999999999,
                    0.9433773333333332,
                    0.96832
                ],
                "swap_hash": "8ccca880"
            },
            "0.5": {
                "taus": {},
                "observable": [
                    0.6666666666666666,
                    0.8167556666666667,
                    0.8980633333333333,
                    0.9430033333333331,
                    0.9677499999999999
                ],
                "swap_hash": "09c2802b"
            },
            "0.9": {
                "taus": {},
                "observable": [
                    0.6666666666666666,
                    0.8004153333333333,
                    0.8795633333333333,
                    0.9271916666666666,
                    0.9554419999999999
                ],
                "swap_hash": "e8072e04"
            },
            "1": {
                "taus": {},
                "observable": [
                    0.6666666666666666,
                    0.7145996666666667,
                    0.7168789999999999,
                    0.718035,
                    0.7189350000000001
                ],
                "swap_hash": "57541eb3"
            }
        },
        "0.5": {
            "0": {
                "taus": {},
                "observable": [
                    0.6666666666666666,
                    0.7521166666666665,
                    0.811665,
                    0.8577126666666666,
                    0.8928796666666666
                ],
                "swap_hash": "38496406"
            },
            "0.1": {
                "taus": {},
                "observable": [
                    0.6666666666666666,
                    0.7520943333333332,
                    0.8118473333333331,
                    0.8578836666666665,
                    0.8929029999999998
                ],
                "swap_hash": "045b5981"
            },
            "0.5": {
                "taus": {},
                "observable": [
                    0.6666666666666666,
                    0.751836,
                    0.8127703333333332,
                    0.8588893333333331,
                    0.8933673333333332
                ],
                "swap_hash": "6f2295e0"
            },
            "0.9": {
                "taus": {},
                "observable": [
                    0.6666666666666666,
                    0.747717,
                    0.8087609999999998,
                    0.8548303333333331,
                    0.8895693333333331
                ],
                "swap_hash": "34939375"
            },
            "1": {
                "taus": {},
                "observable": [
                    0.6666666666666666,
                    0.7091103333333334,
                    0.7144016666666666,
                    0.7156043333333333,
                    0.7166983333333334
                ],
                "swap_hash": "aa452f99"
            }
        },
        "0.1": {
            "0": {
                "taus": {},
                "observable": [
                    0.6666666666666666,
                    0.6821946666666667,
                    0.6911243333333332,
                    0.6995830000000001,
                    0.7079526666666666
                ],
                "swap_hash": "e63e74fe"
            },
            "0.1": {
                "taus": {},
                "observable": [
                    0.6666666666666666,
                    0.6822163333333333,
                    0.6912283333333332,
                    0.6997083333333333,
                    0.708043
                ],
                "swap_hash": "3c2e3992"
            },
            "0.5": {
                "taus": {},
                "observable": [
                    0.6666666666666666,
                    0.682312,
                    0.691932,
                    0.7009479999999999,
                    0.7093529999999999
                ],
                "swap_hash": "3ac14178"
            },
            "0.9": {
                "taus": {},
                "observable": [
                    0.6666666666666666,
                    0.6829653333333333,
                    0.6964363333333332,
                    0.7091203333333331,
                    0.7202249999999999
                ],
                "swap_hash": "b1781b2c"
            },
            "1": {
                "taus": {},
                "observable": [
                    0.6666666666666666,
                    0.6830656666666667,
                    0.6936743333333333,
                    0.7009463333333333,
                    0.7055446666666666
                ],
                "swap_hash": "ed4dabcb"
            }
        },
        "10.0": {
            "0": {
                "taus": {},
                "observable": [
                    0.6666666666666666,
                    0.998973,
                    0.9994673333333332,
                    0.9994679999999998,
                    0.9994679999999998
                ],
                "swap_hash": "0abc10d5"
            },
            "0.1": {
                "taus": {},
                "observable": [
                    0.6666666666666666,
                    0.999,
                    0.9995866666666667,
                    0.9995866666666667,
                    0.9995866666666667
                ],
                "swap_hash": "f7e8b061"
            },
            "0.5": {
                "taus": {},
                "observable": [
                    0.6666666666666666,
                    0.9978243333333333,
                    0.9998223333333331,
                    0.9998316666666666,
                    0.9998323333333332
                ],
                "swap_hash": "4bb3ba57"
            },
            "0.9": {
                "taus": {},
                "observable": [
                    0.6666666666666666,
                    0.9481696666666667,
                    0.990737,
                    0.9982643333333332,
                    0.9994759999999999
                ],
                "swap_hash": "a99e4cf1"
            },
            "1": {
                "taus": {},
                "observable": [
                    0.6666666666666666,
                    0.71767,
                    0.7176763333333332,
                    0.7176763333333332,
                    0.7176763333333332
                ],
                "swap_hash": "b01d5b3f"
            }
        }
    }
}