{
    "inv_temp": 1000000,
    "qubits": 4,
    "h_val": -0.1,
    "eps": 0.1,
    "beta": 0.0,
    "gamma": 0.0,
    "times": [
        0.0,
        1.1111111111111112,
        2.2222222222222223,
        3.3333333333333335,
        4.444444444444445,
        5.555555555555555,
        6.666666666666667,
        7.777777777777779,
        8.88888888888889,
        10.0
    ],
    "results": {
        "1": {
            "taus": {
                "0.0": 0.0,
                "1.1111111111111112": 0.011111111111111112,
                "2.2222222222222223": 0.011280315848843769,
                "3.3333333333333335": 0.0075075075075075074,
                "4.444444444444445": 0.005625879043600563,
                "5.555555555555555": 0.0045020709526382135,
                "6.666666666666667": 0.003751641343087601,
                "7.777777777777779": 0.0032152863901520373,
                "8.88888888888889": 0.0028129395218002813,
                "10.0": 0.0025
            },
            "interaction": [
                1.0,
                0.9942259999999999,
                0.995911,
                0.9978300000000001,
                0.9966135,
                0.996958,
                0.9971054999999999,
                0.996936,
                0.9970205000000001,
                0.9970085000000001
            ],
            "lindbladian": [
                1.0,
                0.9942200000000002,
                0.995904,
                0.997832,
                0.996611,
                0.9969570000000001,
                0.9971049999999999,
                0.996936,
                0.9970200000000001,
                0.997008
            ]
        },
        "0.5": {
            "taus": {
                "0.0": 0.0,
                "1.1111111111111112": 0.011111111111111112,
                "2.2222222222222223": 0.011280315848843769,
                "3.3333333333333335": 0.0075075075075075074,
                "4.444444444444445": 0.005625879043600563,
                "5.555555555555555": 0.0045020709526382135,
                "6.666666666666667": 0.003751641343087601,
                "7.777777777777779": 0.0032152863901520373,
                "8.88888888888889": 0.0028129395218002813,
                "10.0": 0.0025
            },
            "interaction": [
                1.0,
                0.9926215,
                0.994432,
                0.9984915000000001,
                0.995388,
                0.9964970000000001,
                0.9973225000000001,
                0.9963280000000001,
                0.9969765,
                0.9969330000000001
            ],
            "lindbladian": [
                1.0,
                0.992619,
                0.994427,
                0.998493,
                0.995386,
                0.9964949999999999,
                0.997324,
                0.9963270000000001,
                0.9969760000000001,
                0.996932
            ]
        },
        "0.1": {
            "taus": {
                "0.0": 0.0,
                "1.1111111111111112": 0.011111111111111112,
                "2.2222222222222223": 0.011280315848843769,
                "3.3333333333333335": 0.0075075075075075074,
                "4.444444444444445": 0.005625879043600563,
                "5.555555555555555": 0.0045020709526382135,
                "6.666666666666667": 0.003751641343087601,
                "7.777777777777779": 0.0032152863901520373,
                "8.88888888888889": 0.0028129395218002813,
                "10.0": 0.0025
            },
            "interaction": [
                1.0,
                0.99088,
                0.992005,
                0.9988020000000001,
                0.9917895,
                0.9940165,
                0.9968919999999999,
                0.992621,
                0.9954514999999999,
                0.995757
            ],
            "lindbladian": [
                1.0,
                0.990879,
                0.992003,
                0.9988030000000001,
                0.9917889999999999,
                0.994016,
                0.996892,
                0.9926210000000001,
                0.9954509999999999,
                0.9957569999999999
            ]
        },
        "0.8": {
            "taus": {
                "0.0": 0.0,
                "1.1111111111111112": 0.011111111111111112,
                "2.2222222222222223": 0.011280315848843769,
                "3.3333333333333335": 0.0075075075075075074,
                "4.444444444444445": 0.005625879043600563,
                "5.555555555555555": 0.0045020709526382135,
                "6.666666666666667": 0.003751641343087601,
                "7.777777777777779": 0.0032152863901520373,
                "8.88888888888889": 0.0028129395218002813,
                "10.0": 0.0025
            },
            "interaction": [
                1.0,
                0.9936475,
                0.9954465,
                0.998054,
                0.996289,
                0.996844,
                0.9971384999999999,
                0.996794,
                0.996984,
                0.99696
            ],
            "lindbladian": [
                1.0,
                0.9936419999999999,
                0.9954390000000002,
                0.9980559999999999,
                0.9962879999999998,
                0.996843,
                0.997139,
                0.9967929999999999,
                0.996983,
                0.9969600000000001
            ]
        },
        "10.0": {
            "taus": {
                "0.0": 0.0,
                "1.1111111111111112": 0.011111111111111112,
                "2.2222222222222223": 0.011280315848843769,
                "3.3333333333333335": 0.0075075075075075074,
                "4.444444444444445": 0.005625879043600563,
                "5.555555555555555": 0.0045020709526382135,
                "6.666666666666667": 0.003751641343087601,
                "7.777777777777779": 0.0032152863901520373,
                "8.88888888888889": 0.0028129395218002813,
                "10.0": 0.0025
            },
            "interaction": [
                1.0,
                0.9994245,
                0.9994270000000001,
                0.9994215000000001,
                0.9994195000000001,
                0.9994179999999999,
                0.9994169999999999,
                0.9994155,
                0.9994145,
                0.9994145000000001
            ],
            "lindbladian": [
                1.0,
                0.9994089999999999,
                0.9994119999999999,
                0.9994119999999999,
                0.9994119999999999,
                0.9994119999999999,
                0.9994119999999999,
                0.9994119999999999,
                0.9994119999999999,
                0.9994119999999999
            ]
        }
    }
}