{
    "times": [
        0.0,
        1.1111111111111112,
        2.2222222222222223,
        3.3333333333333335,
        4.444444444444445,
        5.555555555555555,
        6.666666666666667,
        7.777777777777779,
        8.88888888888889,
        10.0
    ],
    "a680c700": {
        "inverse temperature": 1000,
        "interaction strengths": [
            5e-05,
            0.0001,
            0.00025
        ],
        "delta t's": [
            0.0003333333333333333,
            0.0003333333333333333,
            0.0003333333333333333
        ],
        "interaction lambda's": [
            3000.0,
            3000.0,
            3000.0
        ],
        "5e-05": {
            "lindbladian": [
                0.0,
                1.0,
                1.0,
                1.0,
                1.0,
                1.0,
                1.0,
                1.0,
                1.0,
                1.0
            ],
            "interaction": [
                0.0,
                1.0,
                1.0,
                1.0,
                1.0,
                1.0,
                1.0,
                1.0,
                1.0,
                1.0
            ]
        },
        "00001": {
            "lindbladian": [
                0.0,
                1.0,
                1.0,
                1.0,
                1.0,
                1.0,
                1.0,
                1.0,
                1.0,
                1.0
            ],
            "interaction": [
                0.0,
                1.0,
                1.0,
                1.0,
                1.0,
                1.0,
                1.0,
                1.0,
                1.0,
                1.0
            ]
        },
        "000025": {
            "lindbladian": [
                0.0,
                1.0,
                1.0,
                1.0,
                1.0,
                1.0,
                1.0,
                1.0,
                1.0,
                1.0
            ],
            "interaction": [
                0.0,
                1.0,
                1.0,
                1.0,
                1.0,
                1.0,
                1.0,
                1.0,
                1.0,
                1.0
            ]
        }
    }
}