{
    "inv_temp": 1000000,
    "qubits": 6,
    "h_val": -0.1,
    "beta": 0.0,
    "collision count": [
        0,
        10,
        21,
        31,
        42,
        52,
        63,
        73,
        84,
        94,
        105,
        115,
        126,
        136,
        147,
        157,
        168,
        178,
        189,
        200
    ],
    "results": {
        "20": {
            "0": {
                "taus": {},
                "observable": [
                    0.6666666666666666,
                    0.798675,
                    0.8843839999999998,
                    0.9301709999999999,
                    0.9598996666666666,
                    0.9757303333333331,
                    0.9859829999999998,
                    0.9914586666666664,
                    0.9950156666666665,
                    0.9968999999999999,
                    0.9981299999999999,
                    0.9987873333333331,
                    0.9992143333333331,
                    0.9994426666666665,
                    0.9995896666666666,
                    0.9996689999999999,
                    0.9997199999999999,
                    0.9997469999999999,
                    0.9997646666666666,
                    0.9997743333333332
                ],
                "swap_hash": "6c8ed28a"
            },
            "0.9": {
                "taus": {},
                "observable": [
                    0.6666666666666666,
                    0.7675599999999999,
                    0.8402836666666664,
                    0.8864613333333332,
                    0.9219516666666666,
                    0.9445293333333331,
                    0.9618496666666666,
                    0.9727429999999999,
                    0.9811553333333332,
                    0.9863916666666666,
                    0.9904683333333333,
                    0.9930623333333334,
                    0.9951569999999998,
                    0.996461,
                    0.9974620000000001,
                    0.9980536666666667,
                    0.9984970000000001,
                    0.9987750000000001,
                    0.9989856666666665,
                    0.999129
                ],
                "swap_hash": "5adb0682"
            },
            "0.99": {
                "taus": {},
                "observable": [
                    0.6666666666666666,
                    0.7246859999999999,
                    0.7476293333333333,
                    0.7662270000000001,
                    0.7849346666666668,
                    0.8005693333333331,
                    0.8164049999999999,
                    0.8295756666666665,
                    0.8428733333333334,
                    0.8539213333333331,
                    0.8651026666666668,
                    0.8743336666666666,
                    0.8837289999999999,
                    0.8917906666666664,
                    0.8999009999999998,
                    0.9065869999999998,
                    0.9132383333333334,
                    0.9187093333333332,
                    0.9244149999999999,
                    0.9294683333333332
                ],
                "swap_hash": "0b6e239e"
            },
            "0.999": {
                "taus": {},
                "observable": [
                    0.6666666666666666,
                    0.7153063333333333,
                    0.7202776666666666,
                    0.7234123333333333,
                    0.726403,
                    0.7289193333333333,
                    0.7315980000000001,
                    0.7339743333333334,
                    0.73664,
                    0.738918,
                    0.7413293333333333,
                    0.7433816666666666,
                    0.7455366666666665,
                    0.7473886666666666,
                    0.7493523333333333,
                    0.7511469999999998,
                    0.7530473333333333,
                    0.7548126666666667,
                    0.7566943333333332,
                    0.7584846666666666
                ],
                "swap_hash": "24fb75c0"
            },
            "1": {
                "taus": {},
                "observable": [
                    0.6666666666666666,
                    0.7141763333333333,
                    0.7166316666666666,
                    0.7174283333333333,
                    0.717885,
                    0.7182023333333333,
                    0.7184426666666667,
                    0.7186153333333334,
                    0.7188116666666667,
                    0.7190486666666666,
                    0.7192723333333334,
                    0.7195216666666665,
                    0.7197963333333333,
                    0.719992,
                    0.7201116666666666,
                    0.7201869999999999,
                    0.7202146666666666,
                    0.7202196666666667,
                    0.7202280000000001,
                    0.7202339999999999
                ],
                "swap_hash": "49876b11"
            }
        }
    }
}