{
    "times": [
        0.0,
        1.0344827586206897,
        2.0689655172413794,
        3.1034482758620694,
        4.137931034482759,
        5.172413793103448,
        6.206896551724139,
        7.241379310344828,
        8.275862068965518,
        9.310344827586208,
        10.344827586206897,
        11.379310344827587,
        12.413793103448278,
        13.448275862068966,
        14.482758620689657,
        15.517241379310345,
        16.551724137931036,
        17.586206896551726,
        18.620689655172416,
        19.655172413793103,
        20.689655172413794,
        21.724137931034484,
        22.758620689655174,
        23.793103448275865,
        24.827586206896555,
        25.862068965517242,
        26.896551724137932,
        27.931034482758623,
        28.965517241379313,
        30.0
    ],
    "ad673fed": {
        "inverse temperature": 1000,
        "interaction strengths": [
            5e-05,
            0.0001,
            0.00025
        ],
        "delta t's": [
            2.2222222222222223,
            1.1111111111111112,
            0.4444444444444444
        ],
        "interaction lambda's": [
            0.44999999999999996,
            0.8999999999999999,
            2.25
        ],
        "5e-05": {
            "lindbladian": [
                0.2,
                0.3543252,
                0.48022460000000006,
                0.581976,
                0.6563393999999999,
                0.7139814000000001,
                0.7611368,
                0.7959464,
                0.8249827999999999,
                0.8507083999999999,
                0.8708414000000001,
                0.8884222,
                0.9044846,
                0.9173865999999999,
                0.9286808000000002,
                0.93897,
                0.9473018,
                0.9545274,
                0.9610460000000001,
                0.966345,
                0.970897,
                0.9749612000000001,
                0.9782784,
                0.981107,
                0.9836079999999999,
                0.9856584000000002,
                0.9873998,
                0.988924,
                0.9901838000000002,
                0.9912514
            ],
            "interaction": [
                0.2,
                0.2,
                0.2,
                0.5846686,
                0.5846686,
                0.6334374,
                0.6334374,
                0.671792,
                0.671792,
                0.7096662,
                0.7096662,
                0.7462190000000001,
                0.7462190000000001,
                0.7780504,
                0.7780504,
                0.7780504,
                0.8056610000000002,
                0.8056610000000002,
                0.8300968000000001,
                0.8300968000000001,
                0.8512144,
                0.8512144,
                0.869496,
                0.869496,
                0.8856192,
                0.8856192,
                0.8999204000000001,
                0.8999204000000001,
                0.9124876,
                0.9124876
            ]
        },
        "00001": {
            "lindbladian": [
                0.2,
                0.6509098000000001,
                0.843856,
                0.929812,
                0.9666389999999998,
                0.9831114,
                0.9910975999999999,
                0.9944252,
                0.9959178,
                0.9967422,
                0.9970392,
                0.9971648,
                0.9972621999999999,
                0.9972848,
                0.9972918000000001,
                0.9973050000000001,
                0.9973064,
                0.9973065999999999,
                0.9973084,
                0.9973096,
                0.9973091999999999,
                0.997309,
                0.997309,
                0.997309,
                0.997309,
                0.997309,
                0.997309,
                0.997309,
                0.997309,
                0.997309
            ],
            "interaction": [
                0.2,
                0.2,
                0.744515,
                0.9082938,
                0.9644069999999999,
                0.9846038,
                0.9927657999999999,
                0.9953162,
                0.9963992,
                0.9966987999999999,
                0.9968324000000001,
                0.9969044,
                0.9969180000000002,
                0.9969317999999999,
                0.9969292,
                0.9969292,
                0.99693,
                0.996931,
                0.9969308,
                0.9969318,
                0.9969308,
                0.9969308,
                0.9969308,
                0.9969308,
                0.9969308,
                0.9969308,
                0.9969308,
                0.9969308,
                0.9969308,
                0.9969308
            ]
        },
        "000025": {
            "lindbladian": [
                0.2,
                0.994212,
                0.9986718000000001,
                0.9986954,
                0.998694,
                0.998695,
                0.998695,
                0.998695,
                0.998695,
                0.998695,
                0.998695,
                0.998695,
                0.998695,
                0.998695,
                0.998695,
                0.998695,
                0.998695,
                0.998695,
                0.998695,
                0.998695,
                0.998695,
                0.998695,
                0.998695,
                0.998695,
                0.998695,
                0.998695,
                0.998695,
                0.998695,
                0.998695,
                0.998695
            ],
            "interaction": [
                0.2,
                0.9306468,
                0.9927978,
                0.9982724000000001,
                0.9988429999999998,
                0.9988518000000002,
                0.9988536000000001,
                0.9988550000000002,
                0.9988540000000001,
                0.9988540000000001,
                0.9988540000000001,
                0.9988540000000001,
                0.9988540000000001,
                0.9988540000000001,
                0.9988540000000001,
                0.9988540000000001,
                0.9988540000000001,
                0.9988540000000001,
                0.9988540000000001,
                0.9988540000000001,
                0.9988540000000001,
                0.9988540000000001,
                0.9988540000000001,
                0.9988540000000001,
                0.9988540000000001,
                0.9988540000000001,
                0.9988540000000001,
                0.9988540000000001,
                0.9988540000000001,
                0.9988540000000001
            ]
        }
    }
}