{"interaction": {"0.0": 0.49723051010568853, "0.2631578947368421": 0.37274679496982865, "0.5263157894736842": 0.2137412226990013, "0.7894736842105263": 0.09262472447423972, "1.0526315789473684": 0.036191680189609894, "1.3157894736842104": 0.018141249303509962, "1.5789473684210527": 0.021789657642196373, "1.8421052631578947": 0.047282585890539464, "2.1052631578947367": 0.10248900343335415, "2.3684210526315788": 0.18081693280175445, "2.631578947368421": 0.2564112571846084, "2.894736842105263": 0.2964744192272334, "3.1578947368421053": 0.2860899667944021, "3.4210526315789473": 0.2355854308466451, "3.6842105263157894": 0.17067141647659934, "3.9473684210526314": 0.11510063322216993, "4.2105263157894735": 0.0801116849487676, "4.473684210526316": 0.06606296656562613, "4.7368421052631575": 0.06997480726575035, "5.0": 0.08989423194884687}, "kraus": {"0.0": 0.49723051010568853, "0.2631578947368421": 0.37803160069339875, "0.5263157894736842": 0.240074538065019, "0.7894736842105263": 0.14322611153582648, "1.0526315789473684": 0.05951812461335882, "1.3157894736842104": 0.03242757999866103, "1.5789473684210527": 0.03384413439775772, "1.8421052631578947": 0.057313550802513345, "2.1052631578947367": 0.1109431885648826, "2.3684210526315788": 0.18669584663837632, "2.631578947368421": 0.2612340485999963, "2.894736842105263": 0.3017238070253273, "3.1578947368421053": 0.29305879987100647, "3.4210526315789473": 0.24377379997609425, "3.6842105263157894": 0.17895045101799167, "3.9473684210526314": 0.12238619915381327, "4.2105263157894735": 0.08598857147349531, "4.473684210526316": 0.07060592747373569, "4.7368421052631575": 0.07370135340921649, "5.0": 0.09289443489104765}, "lindbladian": {"0.0": 0.49723051010568853, "0.2631578947368421": 0.37417924014584486, "0.5263157894736842": 0.21881872640671737, "0.7894736842105263": 0.09995734159611058, "1.0526315789473684": 0.03874157800372157, "1.3157894736842104": 0.018762308223217408, "1.5789473684210527": 0.021142407783610647, "1.8421052631578947": 0.04507731546327365, "2.1052631578947367": 0.09853762807369244, "2.3684210526315788": 0.1764771582312624, "2.631578947368421": 0.25296182168299314, "2.894736842105263": 0.29562258547404136, "3.1578947368421053": 0.28788761237565513, "3.4210526315789473": 0.23879996111059237, "3.6842105263157894": 0.1738686968496122, "3.9473684210526314": 0.11739236468682429, "4.2105263157894735": 0.08128505003422648, "4.473684210526316": 0.06624401525070246, "4.7368421052631575": 0.06931368222726611, "5.0": 0.08851598432288318}}