{
    "L": 10,
    "m": 10,
    "O_norm": 9.0,
    "H_norm": 1.0,
    "Gamma": 24.0,
    "beta_max": 1.0,
    "epsilon": 0.0001,
    "alpha_commutator_1st": 1.1114244518026801,
    "alpha_commutator_2nd": 2.3818703023137573,
    "delta_t": 0.001,
    "k_values": [
        10.0,
        31.622776601683793,
        100.0,
        316.22776601683796,
        1000.0,
        3162.2776601683795,
        10000.0,
        31622.776601683792,
        100000.0,
        316227.7660168379,
        1000000.0,
        3162277.6601683795,
        10000000.0,
        31622776.60168379,
        100000000.0
    ],
    "hash": "3afc56dea57a2be0621d8befa83a5263"
}