{
    "inv_temp": 1000000,
    "qubits": 6,
    "h_val": -0.1,
    "beta": 0.0,
    "collision count": [
        0,
        11,
        22,
        33,
        44,
        55,
        66,
        77,
        88,
        100
    ],
    "results": {
        "5": {
            "0": {
                "taus": {},
                "observable": [
                    0.6666666666666666,
                    0.7095719999999999,
                    0.7469546666666667,
                    0.779539,
                    0.807927,
                    0.832656,
                    0.8541703333333333,
                    0.8728996666666666,
                    0.8892056666666666,
                    0.9045836666666666
                ],
                "swap_hash": "bb3a7b31"
            },
            "0.9": {
                "taus": {},
                "observable": [
                    0.6666666666666666,
                    0.7060329999999999,
                    0.7402489999999999,
                    0.7705293333333332,
                    0.7972989999999999,
                    0.8209549999999999,
                    0.8418543333333333,
                    0.8603299999999998,
                    0.8766389999999998,
                    0.8922646666666666
                ],
                "swap_hash": "75899ef6"
            },
            "0.99": {
                "taus": {},
                "observable": [
                    0.6666666666666666,
                    0.6987066666666666,
                    0.7185373333333333,
                    0.7351589999999999,
                    0.7504076666666666,
                    0.7648253333333332,
                    0.7784719999999999,
                    0.7913126666666666,
                    0.8034663333333335,
                    0.8159529999999999
                ],
                "swap_hash": "c38abcd3"
            },
            "0.999": {
                "taus": {},
                "observable": [
                    0.6666666666666666,
                    0.6966856666666664,
                    0.709087,
                    0.7153766666666665,
                    0.7194453333333334,
                    0.722748,
                    0.7257333333333332,
                    0.728552,
                    0.7313219999999999,
                    0.7343833333333332
                ],
                "swap_hash": "2d3b81e3"
            },
            "1": {
                "taus": {},
                "observable": [
                    0.6666666666666666,
                    0.696423,
                    0.7077643333333332,
                    0.7122823333333332,
                    0.7141849999999998,
                    0.7151643333333333,
                    0.7157073333333333,
                    0.7162489999999999,
                    0.7168299999999999,
                    0.7174756666666666
                ],
                "swap_hash": "a38b5780"
            }
        }
    }
}