{
    "d56858c0": {
        "plot_hash": "d56858c0",
        "qubit_count": 5,
        "h_val": -0.1,
        "evolution_time": 4,
        "gamma": 1.0,
        "error_range": [
            -1,
            -6
        ],
        "error_count": 5,
        "timestamp": 1742348338,
        "results": {
            "trotter": [
                1068704000.0,
                323171472960.0,
                101129301518000.0,
                3.190042428629441e+16,
                1.0081849008e+19
            ],
            "ktrotter": [
                16800000.0,
                557659200.0,
                20187963600.0,
                736892055900.0,
                26768000000000.0
            ],
            "qdrift": [
                77376000.0,
                19916855232.0,
                5788734124000.0,
                1823650382785000.0,
                5.8307780608e+17
            ],
            "taylor": [
                320000.0,
                5690400.0,
                101192800.0,
                1799492200.0,
                32000000000.0
            ]
        }
    },
    "1b06ee3a": {
        "plot_hash": "1b06ee3a",
        "qubit_count": 10,
        "h_val": -0.1,
        "evolution_time": 10,
        "gamma": 1.0,
        "error_range": [
            -1,
            -9
        ],
        "error_count": 10,
        "timestamp": 1742349306,
        "results": {
            "trotter": [
                142143000000.0,
                8244893432400.0,
                488422694934000.0,
                2.91549412055664e+16,
                1.7451009024057341e+18,
                1.0455809784643677e+20,
                6.26684508264141e+21,
                3.756606033289089e+23,
                2.25196822246343e+25,
                1.3500070012951502e+27
            ],
            "ktrotter": [
                750000000.0,
                9523398000.0,
                120496284000.0,
                1545648804000.0,
                19945665480000.0,
                257943256380000.0,
                3328601596050000.0,
                4.2936907827528e+16,
                5.5446227118879296e+17,
                7.157999999992842e+18
            ],
            "qdrift": [
                4393000000.0,
                231255976800.0,
                13200095746464.0,
                787208943140928.0,
                4.682411465626461e+16,
                2.78840611381128e+18,
                1.0992675978070755e+18,
                1.1223477066766725e+18,
                -6.991960805495241e+18,
                4.671570207867769e+18
            ],
            "taylor": [
                4000000.0,
                30970400.0,
                239793600.0,
                1856635200.0,
                14375254400.0,
                111302376000.0,
                861773876000.0,
                6672402148800.0,
                51661986600400.0,
                399999999999600.0
            ]
        }
    },
    "b7582253": {
        "plot_hash": "b7582253",
        "qubit_count": 10,
        "h_val": -0.1,
        "evolution_time": 10,
        "gamma": 1.0,
        "error_range": [
            -1,
            -6
        ],
        "error_count": 10,
        "timestamp": 1742349871,
        "results": {
            "trotter": [
                142143000000.0,
                1791793210200.0,
                22845921906000.0,
                293068711378800.0,
                3771560755200000.0,
                4.861932982089539e+16,
                6.273149007157416e+17,
                8.097808289596761e+18,
                1.0455809784643677e+20,
                1.3502214135000001e+21
            ],
            "ktrotter": [
                750000000.0,
                3665676000.0,
                17823252000.0,
                87725862000.0,
                435374100000.0,
                2140158594000.0,
                10535185194000.0,
                52030519296000.0,
                257943256380000.0,
                1275000000000000.0
            ],
            "qdrift": [
                4393000000.0,
                51470116096.0,
                636556153640.0,
                7921491238144.0,
                103683057478000.0,
                1304898648943344.0,
                1.6832854166049552e+16,
                2.15969394433536e+17,
                2.78840611381128e+18,
                -8.862881474191032e+17
            ],
            "taylor": [
                4000000.0,
                14375200.0,
                51661600.0,
                185663200.0,
                667240000.0,
                2397936800.0,
                8617738400.0,
                30970547200.0,
                111302376000.0,
                400000000000.0
            ]
        }
    },
    "22af5ca8": {
        "plot_hash": "22af5ca8",
        "qubit_count": 10,
        "h_val": -0.1,
        "evolution_time": 1,
        "gamma": 1.0,
        "error_range": [
            -1,
            -5
        ],
        "error_count": 10,
        "timestamp": 1742350590,
        "results": {
            "trotter": [
                158490000.0,
                1150920000.0,
                8577468000.0,
                64893342600.0,
                495456247800.0,
                3804383958900.0,
                29306366019000.0,
                226221316040400.0,
                1748365097420700.0,
                1.35221399778465e+16
            ],
            "ktrotter": [
                4800000.0,
                15846000.0,
                55728000.0,
                193860000.0,
                701298000.0,
                2452107000.0,
                8772435000.0,
                31384422000.0,
                113205015000.0,
                404999595000.0
            ],
            "qdrift": [
                6241200.0,
                40289984.0,
                279088920.0,
                1970169024.0,
                14305831848.0,
                104162035712.0,
                801528381440.0,
                6038466116000.0,
                46930432021088.0,
                365048274951360.0
            ],
            "taylor": [
                40000.0,
                177920.0,
                309600.0,
                861600.0,
                2397600.0,
                6672400.0,
                18566000.0,
                51661600.0,
                143752400.0,
                399999600.0
            ]
        }
    },
    "ec5cd81e": {
        "plot_hash": "ec5cd81e",
        "qubit_count": 10,
        "h_val": -0.1,
        "evolution_time": 1,
        "gamma": 1.0,
        "error_range": [
            -1,
            -5
        ],
        "error_count": 10,
        "timestamp": 1743177961,
        "results": {
            "trotter": [
                158490000.0,
                1150920000.0,
                8577468000.0,
                64893342600.0,
                495456247800.0,
                3804383958900.0,
                29306366019000.0,
                226221316040400.0,
                1748365097420700.0,
                1.35221399778465e+16
            ],
            "ktrotter": [
                4800000.0,
                15846000.0,
                55728000.0,
                193860000.0,
                701298000.0,
                2452107000.0,
                8772435000.0,
                31384422000.0,
                113205015000.0,
                404999595000.0
            ],
            "qdrift": [
                6241200.0,
                40289984.0,
                279088920.0,
                1970169024.0,
                14305831848.0,
                104162035712.0,
                801528381440.0,
                6038466116000.0,
                46930432021088.0,
                365048274951360.0
            ],