{
    "9e6f0515": {
        "plot_hash": "9e6f0515",
        "qubit_count": 5,
        "h_val": -0.1,
        "evolution_time": 4,
        "gamma": 1.0,
        "error_range": [
            -1,
            -6
        ],
        "error_count": 5,
        "timestamp": 1742346207,
        "results": {
            "trotter": [
                1068704000.0,
                323171472960.0,
                101129301518000.0,
                3.190042428629441e+16,
                1.0081849008e+19
            ],
            "ktrotter": [
                16800000.0,
                557659200.0,
                20187963600.0,
                736892055900.0,
                26768000000000.0
            ],
            "qdrift": [
                2496000.0,
                37158312.0,
                0.0,
                0.0,
                0.0
            ],
            "taylor": [
                320000.0,
                5690400.0,
                101192800.0,
                1799492200.0,
                32000000000.0
            ]
        }
    }
}