{"qubit": 8, "time": 10, "h_val": 0.1, "r_range": [10, 21, 46, 100, 215, 464, 1000, 2154, 4641, 10000], "results": [0.9328990044626104, 0.9496770664694049, 0.9517407974100234, 0.9521660474071855, 0.9522743840659161, 0.9523076547542966, 0.952319396727062, 0.9523240623843295, 0.9523260613493305, 0.9523269530616073], "exact_ans": 0.9523277068640079, "rel_diff": [0.02040127811189673, 0.0027833280240596473, 0.0006162893820628401, 0.00016975192011874787, 5.599206838932821e-05, 2.105589238537946e-05, 8.726131651966222e-06, 3.826917616813468e-06, 1.7278870136258115e-06, 7.915367737148558e-07]}