{"6": {"0.1": [0.6866656057268604, 0.6773022448337896, 0.6855082523530529, 0.6737044551372009, 0.683988895819861, 0.6952625437684361, 0.6713532587795187, 0.6654293436383469, 0.6687804513315809, 0.659362014159891]}, "8": {"0.1": [0.6481569224030268, 0.6429767851225039, 0.6503000272375465, 0.6391322555059877, 0.6444368298271985, 0.6522576885348608, 0.6347787540910531, 0.6314956974395416, 0.6340278612700474, 0.625133593107382]}}