{"6": {"0.1": [0.676651042092294, 0.6759464021140983, 0.696462079737076, 0.6647273614251429, 0.6634927347759938, 0.6769071456895124, 0.6563393311611063, 0.6551242067017411, 0.6653347984967648, 0.6579926158470248]}, "8": {"0.1": [0.6422626186924874, 0.6412191356174141, 0.6531301920731651, 0.630119368786122, 0.6288555379820691, 0.6356294506467163, 0.6220130027753117, 0.6219079903177798, 0.6289993241097414, 0.625015258389282]}}