{"6": {"0.1": [0.6766465420610763, 0.6759531764527478, 0.6964634565884615, 0.6647287997461719, 0.6634957601387709, 0.6769081616442779, 0.6563405670571394, 0.6551255194817536, 0.6653355561847007, 0.6579929815897898]}, "8": {"0.1": [0.642260566238567, 0.6412213275404822, 0.6531305441176001, 0.6301195093916575, 0.6288563864277621, 0.6356296799137521, 0.6220132023092826, 0.6219082940695191, 0.6289995346556503, 0.6250153670878693]}}