{"6": {"0.1": [0.6784861054166916, 0.6689175915134884, 0.677346746129809, 0.6679257650960078, 0.6704495450570431, 0.6859250923450275, 0.6689695159836936, 0.6561747746860644, 0.6600603741652277, 0.6529315442751834]}, "8": {"0.1": [0.6383984203808559, 0.6323909842989875, 0.6429998324909811, 0.6329098239083256, 0.635384782987423, 0.6478982131778791, 0.637981308477892, 0.626124689287892, 0.6281247719473895, 0.6198439357392381]}}
