{"6": {"0.1": [0.6832747647970068, 0.6783086776324239, 0.680309473009663, 0.6777623799128112, 0.6599467541046367, 0.6933035562291882, 0.6559964113135438, 0.6400815029793809, 0.6336316405727727, 0.6549839044115586]}, "8": {"0.1": [0.6474608671499407, 0.6381830231137959, 0.6478203489494827, 0.6510646063268993, 0.6115566365346408, 0.626060297591103, 0.6459176910785949, 0.6193363367073283, 0.6066629495387243, 0.6220882847975422]}}