{"6": {"0.1": [0.6877700200435712, 0.676651042092294, 0.6857197806367245, 0.6759464021140983, 0.6798562236528499, 0.696462079737076, 0.6799659500269932, 0.6647273614251429, 0.66988229527182, 0.6634927347759938]}, "8": {"0.1": [0.6489463540901559, 0.6422626186924874, 0.6504786397157221, 0.6412191356174141, 0.641632759861607, 0.6531301920731651, 0.640622598708378, 0.630119368786122, 0.6348864319836913, 0.6288555379820691]}}