{"6": {"0.1": [0.6827985064637759, 0.6776937750230565, 0.6855531101686164, 0.67490029894081, 0.6807325517440597, 0.6962233991625024, 0.6786121279701958, 0.6645084998942261, 0.6696905103891564, 0.6629757076019127]}, "8": {"0.1": [0.6454915459638089, 0.6431952222562983, 0.650372466920669, 0.6404741462940116, 0.6420745818180127, 0.6530045567744309, 0.639921823599267, 0.630080832209372, 0.6348069600775343, 0.6285564738181908]}}