{"6": {"0.1": [0.6871773216540232, 0.677926505892232, 0.6861229423485962, 0.6775555517729129, 0.681476104201941, 0.698974479979403, 0.6777273314586532, 0.6629519310906025, 0.6692664450174545, 0.6637493965448908]}, "8": {"0.1": [0.6493438103005182, 0.6424869988336791, 0.6500837838268569, 0.6420730617284809, 0.641787996336479, 0.6530946093427088, 0.6413982055528418, 0.6300240913962145, 0.6350695231258918, 0.6290235662811801]}}