{"6": {"0.1": [0.6712855774800035, 0.6735082228841438, 0.6963642483982935, 0.6650730947416581, 0.6602114349538653, 0.6790801877890437, 0.6621053706471598, 0.6523280863733765, 0.6615259599342238, 0.658152869935744]}, "8": {"0.1": [0.6431089305516768, 0.6432916904185395, 0.655524871478207, 0.6262504049338761, 0.6319859587139759, 0.6382759059157939, 0.6226001207066298, 0.6187695744531159, 0.624959139014164, 0.6249804149629664]}}