{"6": {"0.1": [0.6865424750934923, 0.6767928851756535, 0.6856862833014048, 0.6757557490655455, 0.6799902838696917, 0.696422847020552, 0.6797410025071632, 0.66468714845292, 0.6698498564704701, 0.6634067297297379]}, "8": {"0.1": [0.648450941560262, 0.6423560179561796, 0.6504646707207771, 0.641123237663324, 0.6416838345844704, 0.653114699069339, 0.6405353973153347, 0.6301133582080879, 0.6348764867187671, 0.6288182564353886]}}