{"6": {"0.1": [0.6878143680249971, 0.6766465420610763, 0.6857209929653328, 0.6759531764527478, 0.679851602423887, 0.6964634565884615, 0.6799738511737062, 0.6647287997461719, 0.6698834391756001, 0.6634957601387709]}, "8": {"0.1": [0.6489578322108321, 0.642260566238567, 0.6504789599714791, 0.6412213275404822, 0.6416316102873247, 0.6531305441176001, 0.6406245827002525, 0.6301195093916575, 0.6348866585370303, 0.6288563864277621]}}