{"6": {"0.1": [0.6866533529438827, 0.6689239268356253, 0.6849611927055573, 0.6767639770233325, 0.6811704198473885, 0.6986274577203737, 0.6849391050907335, 0.653170565432938, 0.6739187696368283, 0.6643205755871255]}, "8": {"0.1": [0.6517325969677074, 0.6381275422163675, 0.64954565973818, 0.6426428070429446, 0.6457363784789261, 0.6572762953651048, 0.6370461373210821, 0.6297813230077497, 0.6332255455897724, 0.6304717723945712]}}