{"6": {"0.1": [0.6866533529438852, 0.6689239268356237, 0.684961192705551, 0.6767639770233356, 0.6811704198473907, 0.6986274577203687, 0.6849391050907399, 0.6531705654329265, 0.6739187696368267, 0.6643205755871187]}, "8": {"0.1": [0.6517325969677051, 0.6381275422163728, 0.6495456597381655, 0.6426428070429524, 0.6457363784789072, 0.6572762953650837, 0.637046137321075, 0.6297813230077547, 0.6332255455898046, 0.6304717723945575]}}