{"6": {"0.1": [0.6866533529438826, 0.668923926835625, 0.6849611927055571, 0.6767639770233326, 0.6811704198473879, 0.6986274577203736, 0.6849391050907341, 0.6531705654329375, 0.6739187696368286, 0.6643205755871254]}, "8": {"0.1": [0.6517325969677077, 0.6381275422163675, 0.6495456597381808, 0.6426428070429439, 0.6457363784789263, 0.6572762953651048, 0.6370461373210821, 0.6297813230077496, 0.633225545589772, 0.6304717723945716]}}