{"6": {"0.1": [0.6877700200435712, 0.6766510420922942, 0.6857197806367248, 0.6759464021140982, 0.67985622365285, 0.696462079737076, 0.6799659500269934, 0.6647273614251429, 0.6698822952718195, 0.6634927347759938]}, "8": {"0.1": [0.6489463540901559, 0.642262618692487, 0.6504786397157225, 0.6412191356174137, 0.6416327598616074, 0.6531301920731647, 0.640622598708378, 0.6301193687861213, 0.6348864319836918, 0.6288555379820694]}}