{"1": {"0.31622776601683794": [1.2761423749153966, 1.2761423749153966, 1.2761423749153966, 1.2761423749153966, 1.2761423749153966, 1.2761423749153964, 1.2761423749153966, 1.2761423749153966, 1.2761423749153966, 1.2761423749153966], "0.8379660516008252": [1.2761423749153966, 1.2761423749153966, 1.2761423749153966, 1.2761423749153966, 1.2761423749153966, 1.2761423749153964, 1.2761423749153966, 1.2761423749153964, 1.2761423749153966, 1.2761423749153966], "1.3597043371848123": [1.2761423749153966, 1.2761423749153966, 1.2761423749153966, 1.2761423749153966, 1.2761423749153966, 1.2761423749153966, 1.2761423749153964, 1.2761423749153964, 1.2761423749153966, 1.2761423749153966], "1.8814426227687995": [1.2761423749153966, 1.2761423749153966, 1.2761423749153966, 1.2761423749153966, 1.2761423749153966, 1.2761423749153966, 1.2761423749153966, 1.2761423749153968, 1.2761423749153966, 1.2761423749153966], "2.4031809083527866": [1.2761423749153964, 1.2761423749153962, 1.2761423749153964, 1.2761423749153964, 1.2761423749153962, 1.2761423749153964, 1.2761423749153966, 1.2761423749153966, 1.2761423749153966, 1.2761423749153964], "2.924919193936774": [1.2761423749153966, 1.2761423749153966, 1.2761423749153966, 1.2761423749153966, 1.2761423749153966, 1.2761423749153962, 1.2761423749153966, 1.2761423749153966, 1.2761423749153966, 1.2761423749153966], "3.446657479520761": [1.2761423749153966, 1.2761423749153964, 1.2761423749153966, 1.2761423749153966, 1.2761423749153966, 1.2761423749153966, 1.2761423749153966, 1.2761423749153966, 1.2761423749153966, 1.2761423749153966], "3.968395765104748": [1.2761423749153966, 1.2761423749153968, 1.2761423749153966, 1.2761423749153966, 1.2761423749153966, 1.2761423749153966, 1.2761423749153966, 1.2761423749153964, 1.2761423749153966, 1.2761423749153964], "4.490134050688735": [1.2761423749153966, 1.2761423749153966, 1.2761423749153966, 1.2761423749153966, 1.2761423749153966, 1.2761423749153968, 1.2761423749153966, 1.2761423749153966, 1.2761423749153966, 1.2761423749153968], "5.011872336272722": [1.2761423749153966, 1.2761423749153966, 1.2761423749153966, 1.2761423749153966, 1.2761423749153964, 1.2761423749153966, 1.2761423749153966, 1.2761423749153966, 1.2761423749153966, 1.2761423749153966]}, "2": {"0.31622776601683794": [0.962961886824767, 0.789367433421807, 0.9184025209846048, 0.8670483740601075, 0.8275396602137164, 0.9477698783553428, 0.7776796389336054, 0.953970018483371, 0.8167308726972562, 0.8796913383077107], "0.8379660516008252": [0.875576806829454, 0.7447464959714711, 0.7098762202855833, 0.8662828128120453, 0.7864336322682606, 0.6885939736823747, 0.8402055540672699, 0.8268427513059219, 0.6850323784131398, 0.8024087563262816], "1.3597043371848123": [0.8152105680424413, 0.8143462827802956, 0.8117743049269686, 0.8075567639481976, 0.801795540024404, 0.7946298030026053, 0.7862326505679949, 0.7768069268445232, 0.7665803224316141, 0.7557998742419924], "1.8814426227687995": [0.7804633325546781, 0.685843880938864, 0.7267425411995923, 0.7627851450091174, 0.6702646931191848, 0.7667339220879481, 0.721086930172408, 0.6899953170278726, 0.7801730754675248, 0.6821081637294103], "2.4031809083527866": [0.7587409258301189, 0.7105177348884895, 0.6705829606080125, 0.7256699870205526, 0.7561366149876989, 0.6958131016915414, 0.6757146472711912, 0.7394926056430113, 0.748629149777849, 0.6832808373263041], "2.924919193936774": [0.7440514488999415, 0.7371190630050035, 0.718917290727551, 0.6962606133836766, 0.6776313645665684, 0.670004066650308, 0.6762342700917606, 0.6939894764781301, 0.7166223923294743, 0.7356595800130881], "3.446657479520761": [0.7335066177004217, 0.6709272626285421, 0.7302352868413298, 0.6772989157836411, 0.7210963890572242, 0.6887273230346558, 0.7079758914285121, 0.7028540380605881, 0.6935814319210494, 0.7167637728122009], "3.968395765104748": [0.7255878645022806, 0.7111246121137702, 0.6828440866136026, 0.6702899203689838, 0.6865769924582958, 0.7146907933689075, 0.7252618618246129, 0.7072469885971372, 0.6794656539599704, 0.6709400038129802], "4.490134050688735": [0.7194307203442498, 0.7030778368492308, 0.675791672742002, 0.6739014562292449, 0.699923851316282, 0.7192122317537701, 0.7060857443482352, 0.6780212009605814, 0.6723841762182913, 0.6966798935549188], "5.011872336272722": [0.7145099211974486, 0.6720719275152516, 0.7079933354931425, 0.6841044415987423, 0.6922925512833654, 0.7010625547698195, 0.6766811200448628, 0.7129300835475001, 0.6703798175861306, 0.712697560280286]}, "3": {"0.31622776601683794": [1.0632689346760755, 0.9927872358126735, 1.0065317402671714, 1.020357415182578, 1.019733188905879, 1.0349890907861021, 0.9784805799420673, 1.0321514824596703, 1.0204085254226638, 1.0223497667997947], "0.8379660516008252": [0.9031753963959677, 0.8598865467364044, 0.9017733500323057, 0.8597757988327035, 0.8976626852241079, 0.859481477359979, 0.891121297596764, 0.8588701105300285, 0.882584804427533, 0.8577703866580768], "1.3597043371848123": [0.8204214438735964, 0.7612180454678451, 0.743218239459273, 0.7888305431745999, 0.7839437338684903, 0.7433100810903791, 0.7979393415823224, 0.7911367947561265, 0.7360322703467315, 0.7602463467030496], "1.8814426227687995": [0.7825795412153405, 0.7280851755479809, 0.7345770037114216, 0.7623622012910294, 0.7155738355573056, 0.7443628171215986, 0.7748452412304732, 0.7192941372196205, 0.7579923646309339, 0.7509883651660659], "2.4031809083527866": [0.7619925927220472, 0.7478944940403351, 0.7619486717953964, 0.7479012498581066, 0.7618171146603805, 0.7479144795299788, 0.761598536892105, 0.7479336216401882, 0.7612939599267861, 0.7479578403242975], "2.924919193936774": [0.7492399353219331, 0.7093769984164515, 0.7183403075428083, 0.735440516683701, 0.6963592790604576, 0.7271823440903589, 0.7335836492780397, 0.7037037032319425, 0.7448066953130617, 0.7194276603574208], "3.446657479520761": [0.7406136571656038, 0.7133799960010878, 0.6943180336313346, 0.7227666786122594, 0.7363996414876472, 0.7048996722824539, 0.7023591961124656, 0.7295256458467727, 0.7252607900753503, 0.7005207886796153], "3.968395765104748": [0.734406300781112, 0.7242478292659849, 0.7222964674167548, 0.7108785573195154, 0.6998913650916438, 0.6993390798594341, 0.6929517244897256, 0.7027523083349136, 0.709452654703056, 0.717244884549793], "4.490134050688735": [0.7297320358877055, 0.6980145005488949, 0.7268237803945687, 0.7017969931508343, 0.7189918215877956, 0.7081811005915524, 0.7086404297794094, 0.7151735476930182, 0.6989470832000644, 0.7205906977051858], "5.011872336272722": [0.7260882501634902, 0.7133315029018332, 0.6981330783565705, 0.6971235220232879, 0.7050614868130198, 0.7174475835772367, 0.7243701477249694, 0.7081714752536499, 0.6933486568095637, 0.6994766755367572]}}