{"3": {"0.31622776601683794": [1.0632689346760755, 0.9927872358126735, 1.0065317402671714, 1.020357415182578, 1.019733188905879, 1.0349890907861021, 0.9784805799420673, 1.0321514824596703, 1.0204085254226638, 1.0223497667997947], "5.011872336272722": [0.7260882501634902, 0.7133315029018332, 0.6981330783565705, 0.6971235220232879, 0.7050614868130198, 0.7174475835772367, 0.7243701477249694, 0.7081714752536499, 0.6933486568095637, 0.6994766755367572]}, "4": {"0.31622776601683794": [0.9229778162004614, 0.7924888858539333, 0.7673729526215743, 0.7969601927774796, 0.7959932652415886, 0.7527110705887443, 0.8675593141319109, 0.8813431909078395, 0.7652249433096632, 0.766338328619968], "5.011872336272722": [0.5587949613326363, 0.545173397739296, 0.5477823997363842, 0.5419514618496001, 0.5404224178322327, 0.5489102784761557, 0.5361170646704926, 0.5383702363639549, 0.5246352823841456, 0.5252775286771754]}}