{
    "L": 10,
    "m": 10,
    "O_norm": 9.0,
    "H_norm": 1.0,
    "Gamma": 24.0,
    "beta_max": 1.0,
    "K": 10000.0,
    "alpha_commutator_1st": 1.1114244518026801,
    "alpha_commutator_2nd": 2.3818703023137573,
    "delta_t": 0.001,
    "error_values": [
        0.001,
        0.00046415888336127773,
        0.00021544346900318845,
        0.0001,
        4.641588833612782e-05,
        2.1544346900318867e-05,
        1e-05,
        4.641588833612782e-06,
        2.1544346900318865e-06,
        1e-06
    ],
    "hash": "095152b58027495c74d2833bd00e6c7c"
}