{
    "L": 10,
    "m": 10,
    "O_norm": 9.0,
    "H_norm": 1.0,
    "Gamma": 24.0,
    "beta_max": 1.0,
    "K": 10000.0,
    "alpha_commutator_1st": 1.1114244518026801,
    "alpha_commutator_2nd": 2.3818703023137573,
    "delta_t": 0.001,
    "error_values": [
        0.001,
        0.0002782559402207126,
        7.742636826811278e-05,
        2.1544346900318823e-05,
        5.994842503189409e-06,
        1.6681005372000591e-06,
        4.6415888336127725e-07,
        1.2915496650148827e-07,
        3.593813663804626e-08,
        1e-08
    ],
    "hash": "3670166d750fffe8daddcd77b5d75ba5"
}