{"META": {"H_VAL": -0.1, "OVERLAP": 0.9}, "ANSWERS": {"1.0": {"1.0": 5.259377518807073e-17, "12.0": 6.360343074618885e-16, "23.0": 1.2093697678410025e-15, "34.0": 1.800612800719769e-15, "45.0": 2.393714422959533e-15, "56.0": 2.96373795813545e-15, "67.0": 3.5444635398944695e-15, "78.0": 4.152696373400619e-15, "89.0": 4.69233222183014e-15, "100.0": 5.35911649504575e-15}, "0.31622776601683794": {"1.0": 5.259377518807073e-17, "12.0": 6.360343074618885e-16, "23.0": 1.2093697678410025e-15, "34.0": 1.800612800719769e-15, "45.0": 2.393714422959533e-15, "56.0": 2.96373795813545e-15, "67.0": 3.5444635398944695e-15, "78.0": 4.152696373400619e-15, "89.0": 4.69233222183014e-15, "100.0": 5.35911649504575e-15}, "0.1": {"1.0": 5.259377518807073e-17, "12.0": 6.360343074618885e-16, "23.0": 1.2093697678410025e-15, "34.0": 1.800612800719769e-15, "45.0": 2.393714422959533e-15, "56.0": 2.96373795813545e-15, "67.0": 3.5444635398944695e-15, "78.0": 4.152696373400619e-15, "89.0": 4.69233222183014e-15, "100.0": 5.35911649504575e-15}}}