{"META": {"H_VAL": -0.1, "OVERLAP": 0.9}, "ANSWERS": {"1.0": {"1.0": 0.9919053332920553, "12.0": 0.9761534532362144, "23.0": 0.9985638641301202, "34.0": 0.9738510693527798, "45.0": 0.996062562520263, "56.0": 0.9806698521894376, "67.0": 0.9862517368982848, "78.0": 0.991565687371956, "89.0": 0.9763888300847509, "100.0": 0.9984785090234843}, "0.31622776601683794": {"1.0": 0.9919053332920553, "12.0": 0.9761534532362144, "23.0": 0.9985638641301202, "34.0": 0.9738510693527798, "45.0": 0.996062562520263, "56.0": 0.9806698521894376, "67.0": 0.9862517368982848, "78.0": 0.991565687371956, "89.0": 0.9763888300847509, "100.0": 0.9984785090234843}, "0.1": {"1.0": 0.9919053332920553, "12.0": 0.9761534532362144, "23.0": 0.9985638641301202, "34.0": 0.9738510693527798, "45.0": 0.996062562520263, "56.0": 0.9806698521894376, "67.0": 0.9862517368982848, "78.0": 0.991565687371956, "89.0": 0.9763888300847509, "100.0": 0.9984785090234843}}}