{"META": {"H_VAL": -0.1, "OVERLAP": 0.9}, "ANSWERS": {"1.0": {"1.0": 0.7122484073933514, "1.4444444444444444": 0.7857725289918411, "1.8888888888888888": 0.8527595215065803, "2.333333333333333": 0.9014603828458723, "2.7777777777777777": 0.9333463086727967, "3.2222222222222223": 0.954871499804634, "3.6666666666666665": 0.9702568119780186, "4.111111111111111": 0.9803368004977533, "4.555555555555555": 0.9863457973569704, "5.0": 0.9901863111002281}, "0.046415888336127795": {"1.0": 0.9281919477905678, "1.4444444444444444": 0.9076587300862153, "1.8888888888888888": 0.8906561569771914, "2.333333333333333": 0.8746240165836665, "2.7777777777777777": 0.8514565832855092, "3.2222222222222223": 0.8299004930131846, "3.6666666666666665": 0.8186498658463022, "4.111111111111111": 0.8093854269212106, "4.555555555555555": 0.7954130989942196, "5.0": 0.782577377592997}, "0.0021544346900318843": {"1.0": 0.9691161839471308, "1.4444444444444444": 0.965771344867521, "1.8888888888888888": 0.9658285373108189, "2.333333333333333": 0.9664265837420334, "2.7777777777777777": 0.9578147822368694, "3.2222222222222223": 0.9497514831318954, "3.6666666666666665": 0.9532964158186799, "4.111111111111111": 0.9587580828078914, "4.555555555555555": 0.9572913191872434, "5.0": 0.9562403262932617}, "0.0001": {"1.0": 0.9710732425751308, "1.4444444444444444": 0.9685963860627611, "1.8888888888888888": 0.9695541171454818, "2.333333333333333": 0.9710749460492916, "2.7777777777777777": 0.9633294103924799, "3.2222222222222223": 0.9561304631700478, "3.6666666666666665": 0.9606657957299876, "4.111111111111111": 0.9671756525269467, "4.555555555555555": 0.966704748653969, "5.0": 0.9666865932549995}, "0": {"1.0": 0.9711686181370663, "1.4444444444444444": 0.9687341429177436, "1.8888888888888888": 0.9697359110323274, "2.333333333333333": 0.9713019389333386, "2.7777777777777777": 0.9635989287749002, "3.2222222222222223": 0.956442514911809, "3.6666666666666665": 0.9610266650109958, "4.111111111111111": 0.9675882984490811, "4.555555555555555": 0.9671667636672261, "5.0": 0.9671999844922705}}}