{"interaction": {"1.0": {"1": 0.33811063291625587, "10": 0.37254841209454925}, "1.4444444444444444": {"1": 0.35395642551733, "10": 0.4183293038740111}, "1.8888888888888888": {"1": 0.3661554341025683, "10": 0.4601826482932654}, "2.333333333333333": {"1": 0.3774919453557779, "10": 0.4997277718091744}, "2.7777777777777777": {"1": 0.38786984323521484, "10": 0.5358199275547031}, "3.2222222222222223": {"1": 0.39516120365931706, "10": 0.5654309453785314}, "3.6666666666666665": {"1": 0.4003200752298689, "10": 0.5895310797137707}, "4.111111111111111": {"1": 0.4050011141165676, "10": 0.6100977823761059}, "4.555555555555555": {"1": 0.40909942098336216, "10": 0.6269266464448623}, "5.0": {"1": 0.4123841131157225, "10": 0.64040964928741}}, "lindbladian": {"1.0": {"1": 0.33777633533867824, "10": 0.3717361408129213}, "1.4444444444444444": {"1": 0.35348848032493807, "10": 0.41690508301762336}, "1.8888888888888888": {"1": 0.36575470015548484, "10": 0.4587892345109459}, "2.333333333333333": {"1": 0.3771043154270451, "10": 0.49842190499138017}, "2.7777777777777777": {"1": 0.38756951291183955, "10": 0.5346983924453337}, "3.2222222222222223": {"1": 0.39495607630959406, "10": 0.5644992628951627}, "3.6666666666666665": {"1": 0.4001468345905473, "10": 0.5887369435721055}, "4.111111111111111": {"1": 0.4048457460964572, "10": 0.6094431750084986}, "4.555555555555555": {"1": 0.4089751857140736, "10": 0.6264132432961524}, "5.0": {"1": 0.4122793252045951, "10": 0.6399776473021646}}, "sal": {}}