{"META": {"H_VAL": -0.1, "OVERLAP": 0.9}, "ANSWERS": {"1.0": {"1.0": 0.7719073259238296, "12.0": 0.9951318430786439, "23.0": 0.9951533989752498, "34.0": 0.995153322441232, "45.0": 0.9951533227713376, "56.0": 0.995153322770052, "67.0": 0.9951533227700553, "78.0": 0.9951533227700539, "89.0": 0.9951533227700523, "100.0": 0.9951533227700511}, "0.31622776601683794": {"1.0": 0.802473611903159, "12.0": 0.9714340791515022, "23.0": 0.9926509535434507, "34.0": 0.9930939188611336, "45.0": 0.9931434640049577, "56.0": 0.9931381373346502, "67.0": 0.9931390475334876, "78.0": 0.9931389234801343, "89.0": 0.9931389375496211, "100.0": 0.9931389365810365}, "0.1": {"1.0": 0.9091384198262481, "12.0": 0.7838441241394716, "23.0": 0.902670889274615, "34.0": 0.9514059636887459, "45.0": 0.9702809345479205, "56.0": 0.9743893292546467, "67.0": 0.9760422016174062, "78.0": 0.976174846302391, "89.0": 0.9762291547705853, "100.0": 0.9762377905562563}}}