{"META": {"H_VAL": -0.1, "OVERLAP": 0.9}, "ANSWERS": {"1.0": {"1.0": 0.7122484067476995, "1.4444444444444444": 0.7857725285132328, "1.8888888888888888": 0.8527595211788681, "2.333333333333333": 0.9014603826282132, "2.7777777777777777": 0.9333463085307256, "3.2222222222222223": 0.954871499711876, "3.6666666666666665": 0.9702568119169337, "4.111111111111111": 0.9803368004580069, "4.555555555555555": 0.9863457973315135, "5.0": 0.9901863110836518}, "0.046415888336127795": {"1.0": 0.9281919476882614, "1.4444444444444444": 0.9076587299404744, "1.8888888888888888": 0.8906561567888145, "2.333333333333333": 0.8746240163538744, "2.7777777777777777": 0.8514565830166491, "3.2222222222222223": 0.8299004927067781, "3.6666666666666665": 0.8186498655024366, "4.111111111111111": 0.8093854265414033, "4.555555555555555": 0.7954130985814996, "5.0": 0.7825773771491454}, "0.0021544346900318843": {"1.0": 0.9691161839422517, "1.4444444444444444": 0.965771344860465, "1.8888888888888888": 0.9658285373015343, "2.333333333333333": 0.9664265837304811, "2.7777777777777777": 0.9578147822230564, "3.2222222222222223": 0.9497514831157736, "3.6666666666666665": 0.9532964158001129, "4.111111111111111": 0.9587580827868095, "4.555555555555555": 0.9572913191636485, "5.0": 0.9562403262670768}, "0.0001": {"1.0": 0.9710732425749007, "1.4444444444444444": 0.9685963860624288, "1.8888888888888888": 0.969554117145045, "2.333333333333333": 0.9710749460487469, "2.7777777777777777": 0.96332941039183, "3.2222222222222223": 0.9561304631692893, "3.6666666666666665": 0.9606657957291124, "4.111111111111111": 0.9671756525259549, "4.555555555555555": 0.9667047486528558, "5.0": 0.966686593253763}, "0": {"1.0": 0.9711686181370663, "1.4444444444444444": 0.9687341429177436, "1.8888888888888888": 0.9697359110323274, "2.333333333333333": 0.9713019389333386, "2.7777777777777777": 0.9635989287749002, "3.2222222222222223": 0.956442514911809, "3.6666666666666665": 0.9610266650109958, "4.111111111111111": 0.9675882984490811, "4.555555555555555": 0.9671667636672261, "5.0": 0.9671999844922705}}}