{"interaction": {"1.0": 0.06487657347118525, "1.1111111111111112": 0.06600779532885612, "1.2222222222222223": 0.06694279467967698, "1.3333333333333333": 0.06763375696887197, "1.4444444444444444": 0.06804534735457576, "1.5555555555555556": 0.06815651768202537, "1.6666666666666665": 0.06796158285667173, "1.7777777777777777": 0.06747051157196916, "1.8888888888888888": 0.06670841652429625, "2.0": 0.06571427018493564}, "lindbladian": {"1.0": 0.06487657347118661, "1.1111111111111112": 0.06600779532886117, "1.2222222222222223": 0.06694279467967452, "1.3333333333333333": 0.06763375696886902, "1.4444444444444444": 0.06804534735457182, "1.5555555555555556": 0.06815651768202456, "1.6666666666666665": 0.06796158285668165, "1.7777777777777777": 0.06747051157196776, "1.8888888888888888": 0.06670841652428475, "2.0": 0.06571427018495708}, "sal0": {"1.0": 0.056305519503212415, "1.1111111111111112": 0.056321174597929714, "1.2222222222222223": 0.0563329469463963, "1.3333333333333333": 0.05635453541130744, "1.4444444444444444": 0.056353478305667934, "1.5555555555555556": 0.05638645251354226, "1.6666666666666665": 0.056389760392622244, "1.7777777777777777": 0.056415006425044295, "1.8888888888888888": 0.05643208952461185, "2.0": 0.05644825991587218}, "sal1": {"1.0": 0.056307424697529064, "1.1111111111111112": 0.05632348528812283, "1.2222222222222223": 0.05633010031393014, "1.3333333333333333": 0.056354458085540286, "1.4444444444444444": 0.05635414421648756, "1.5555555555555556": 0.0563881479205915, "1.6666666666666665": 0.05638916369818845, "1.7777777777777777": 0.05641506052405472, "1.8888888888888888": 0.056434763813085674, "2.0": 0.05644922464342488}}