{"interaction": {"0.0": 0.05618202620361565, "0.75": 0.33927211499403104, "1.5": 0.4756100541729301, "2.25": 0.5510447882462637, "3.0": 0.5895063962663282}, "lindbladian": {"0.0": 0.05618202620361552, "0.75": 0.3444688665643378, "1.5": 0.4897390162793511, "2.25": 0.5512462092273666, "3.0": 0.5847074650869251}, "lindbladian_old": {"0.0": 0.056182026203615634, "0.75": 0.3390321342901211, "1.5": 0.47539370748807663, "2.25": 0.5509272797284509, "3.0": 0.5894521832224504}}