{"interaction": {"0.0": 0.759782623054915, "0.75": 0.7597826230549145, "1.5": 0.7597826230548467, "2.25": 0.759782623054969, "3.0": 0.7597826230549161}, "lindbladian": {"0.0": 0.759782623054915, "0.75": 0.7597826230549151, "1.5": 0.759782623054915, "2.25": 0.759782623054915, "3.0": 0.759782623054915}, "lindbladian_old": {"0.0": 0.759782623054915, "0.75": 0.759782623054915, "1.5": 0.759782623054915, "2.25": 0.7597826230549148, "3.0": 0.759782623054915}}