{"interaction": {"0.0": 0.31853835097413863, "0.75": 0.30679072000171786, "1.5": 0.31599935039767624, "2.25": 0.32403610523920845, "3.0": 0.34392516097787107}, "lindbladian": {"0.0": 0.31853835097413863, "0.75": 0.3067879532932678, "1.5": 0.3159966406974946, "2.25": 0.32403257550416653, "3.0": 0.34392352051178515}, "lindbladian_old": {"0.0": 0.31853835097413863, "0.75": 0.3067879532932678, "1.5": 0.3159966406974946, "2.25": 0.32403257550416653, "3.0": 0.34392352051178515}}