{"interaction": {"0.0": 0.23233996008397823, "0.5": 0.2344266437126167, "1.0": 0.23852456462022525, "1.5": 0.24063294932107548, "2.0": 0.2396007239485164}, "lindbladian": {"0.0": 0.23233996008397806, "0.5": 0.23442664371265365, "1.0": 0.23852456462028238, "1.5": 0.24063294932104895, "2.0": 0.2396007239486542}}