{"interaction": {"0.0": 0.23520610944128126, "0.3333333333333333": 0.2331796537371634, "0.6666666666666666": 0.23030171590551957, "1.0": 0.23105546218620085, "1.3333333333333333": 0.23415652608908025, "1.6666666666666665": 0.23497297244990278, "2.0": 0.2331932873882849, "2.333333333333333": 0.23286952736017874, "2.6666666666666665": 0.23488345533527294, "3.0": 0.2348252995205632}, "lindbladian": {"0.0": 0.23520610944128095, "0.3333333333333333": 0.2331796537371289, "0.6666666666666666": 0.2303017159054896, "1.0": 0.23105546218589057, "1.3333333333333333": 0.23415652609015875, "1.6666666666666665": 0.2349729724507641, "2.0": 0.2331932873913935, "2.333333333333333": 0.23286952736348296, "2.6666666666666665": 0.23488345533505448, "3.0": 0.2348252995217776}}