{"interaction": {"0.0": 0.23233996008397823, "0.3333333333333333": 0.2333078465807649, "0.6666666666666666": 0.23579933215287666, "1.0": 0.2385245646201209, "1.3333333333333333": 0.2402561190781428, "1.6666666666666665": 0.24067468437745757, "2.0": 0.23960072394547188, "2.333333333333333": 0.23692472948443372, "2.6666666666666665": 0.23363084571953824, "3.0": 0.23126158032318017}, "lindbladian": {"0.0": 0.23233996008397806, "0.3333333333333333": 0.23330784658073428, "0.6666666666666666": 0.23579933215317922, "1.0": 0.23852456462028238, "1.3333333333333333": 0.2402561190782294, "1.6666666666666665": 0.24067468437673725, "2.0": 0.2396007239486542, "2.333333333333333": 0.23692472948291346, "2.6666666666666665": 0.2336308457191154, "3.0": 0.23126158032598654}}