{"interaction": {"1.0": 0.3010148387136317, "1.1111111111111112": 0.30152930408034995, "1.2222222222222223": 0.30249124513035963, "1.3333333333333333": 0.30355826144777076, "1.4444444444444444": 0.30440894726820006, "1.5555555555555556": 0.3048118125454906, "1.6666666666666665": 0.30467403750439065, "1.7777777777777777": 0.3040603076007497, "1.8888888888888888": 0.30317799995325867, "2.0": 0.30233175091044234}, "lindbladian": {"1.0": 0.3010148387136302, "1.1111111111111112": 0.3015293040803547, "1.2222222222222223": 0.30249124513036935, "1.3333333333333333": 0.3035582614477604, "1.4444444444444444": 0.30440894726818024, "1.5555555555555556": 0.3048118125454973, "1.6666666666666665": 0.3046740375043771, "1.7777777777777777": 0.3040603076006889, "1.8888888888888888": 0.30317799995322525, "2.0": 0.30233175091052233}}