{"interaction": {"1.0": 0.3010148387136111, "1.2105263157894737": 0.3023790110411518, "1.4210526315789473": 0.30426114701303536, "1.631578947368421": 0.3047751516241676, "1.8421052631578947": 0.3035641935751653, "2.052631578947368": 0.3020407308625265, "2.263157894736842": 0.30231894977061297, "2.473684210526316": 0.30558281894693207, "2.6842105263157894": 0.31103115334185394, "2.894736842105263": 0.3161604076330945, "3.1052631578947367": 0.3182420171862028, "3.3157894736842106": 0.3160350471931905, "3.526315789473684": 0.3106000587339973, "3.7368421052631575": 0.3046676677849909, "3.9473684210526314": 0.30097180222558895, "4.157894736842105": 0.30064031862947194, "4.368421052631579": 0.30268609981599304, "4.578947368421052": 0.30489546887565766, "4.789473684210526": 0.3054726277636206, "5.0": 0.3043017982539167}, "lindbladian": {"1.0": 0.3010148387136302, "1.2105263157894737": 0.3023790110411486, "1.4210526315789473": 0.30426114701308465, "1.631578947368421": 0.3047751516241697, "1.8421052631578947": 0.3035641935751454, "2.052631578947368": 0.30204073086258376, "2.263157894736842": 0.302318949770633, "2.473684210526316": 0.3055828189470198, "2.6842105263157894": 0.3110311533418745, "2.894736842105263": 0.31616040763307585, "3.1052631578947367": 0.31824201718622597, "3.3157894736842106": 0.31603504719313824, "3.526315789473684": 0.31060005873450647, "3.7368421052631575": 0.30466766778479776, "3.9473684210526314": 0.30097180222572806, "4.157894736842105": 0.3006403186301785, "4.368421052631579": 0.30268609981579164, "4.578947368421052": 0.3048954688761405, "4.789473684210526": 0.3054726277629275, "5.0": 0.3043017982534282}, "sal": {"1.0": 0.31382147487174455, "1.2105263157894737": 0.31113681676043686, "1.4210526315789473": 0.3079942506609725, "1.631578947368421": 0.3049947801876557, "1.8421052631578947": 0.30332655203632525, "2.052631578947368": 0.30192333062475296, "2.263157894736842": 0.30197638701458207, "2.473684210526316": 0.30262802994478555, "2.6842105263157894": 0.30399676448249924, "2.894736842105263": 0.30334369982557585, "3.1052631578947367": 0.30397161510103154, "3.3157894736842106": 0.30408369686968506, "3.526315789473684": 0.3047666494047163, "3.7368421052631575": 0.3081084329946855, "3.9473684210526314": 0.3076016216526157, "4.157894736842105": 0.3106679246911064, "4.368421052631579": 0.310323681436582, "4.578947368421052": 0.31234955871935055, "4.789473684210526": 0.312262523904828, "5.0": 0.31021814043505974}}