{"interaction": {"0.0": 0.05618202620361565, "0.3333333333333333": 0.05751358344707823, "0.6666666666666666": 0.060916124760973106, "1.0": 0.06487657347114685, "1.3333333333333333": 0.06763375696892725, "1.6666666666666665": 0.06796158285666093, "2.0": 0.06571427018488273, "2.333333333333333": 0.06189117680707654, "2.6666666666666665": 0.058192394765602264, "3.0": 0.05626273607405372}, "lindbladian": {"0.0": 0.056182026203615634, "0.3333333333333333": 0.05751358344708035, "0.6666666666666666": 0.06091612476097802, "1.0": 0.06487657347118661, "1.3333333333333333": 0.06763375696886902, "1.6666666666666665": 0.06796158285668165, "2.0": 0.06571427018495708, "2.333333333333333": 0.06189117680694358, "2.6666666666666665": 0.05819239476550193, "3.0": 0.056262736074143234}}