{"interaction": {"0.0": 0.23520610944128126, "0.20408163265306123": 0.23436765332124063, "0.40816326530612246": 0.23240202069906, "0.6122448979591837": 0.23059260945955035, "0.8163265306122449": 0.23010519467882865, "1.0204081632653061": 0.23122478923533268, "1.2244897959183674": 0.23319519221678267, "1.4285714285714286": 0.23476503517180522, "1.6326530612244898": 0.23505769233085508, "1.836734693877551": 0.23415675931099594, "2.0408163265306123": 0.23299729394592358, "2.2448979591836737": 0.23264250752220797, "2.4489795918367347": 0.23346252827830238, "2.6530612244897958": 0.23480566380389345, "2.857142857142857": 0.23540978665574352, "3.0612244897959187": 0.2342832633232414, "3.2653061224489797": 0.23145263782635617, "3.4693877551020407": 0.2280556186122616, "3.673469387755102": 0.22569498387089487, "3.8775510204081636": 0.2254659255596834, "4.081632653061225": 0.22729357170458908, "4.285714285714286": 0.2300177274063443, "4.4897959183673475": 0.23216664748915258, "4.6938775510204085": 0.23289870247425132, "4.8979591836734695": 0.23247512108197402, "5.1020408163265305": 0.23194674150645717, "5.3061224489795915": 0.23228251752309315, "5.510204081632653": 0.23356199045868598, "5.714285714285714": 0.2348173369962103, "5.918367346938775": 0.23466092505137426, "6.122448979591837": 0.23228213111706814, "6.326530612244898": 0.22812748235799943, "6.530612244897959": 0.22377887803869131, "6.73469387755102": 0.221078516221443, "6.938775510204081": 0.2210545061131679, "7.142857142857143": 0.22334015834527446, "7.346938775510204": 0.22646097594745473, "7.551020408163265": 0.22879605993337368, "7.755102040816327": 0.2295777884608966, "7.959183673469388": 0.22927033082296028, "8.16326530612245": 0.2290863364615753, "8.36734693877551": 0.22998798392433345, "8.571428571428571": 0.23187642220277593, "8.775510204081632": 0.2335506406230753, "8.979591836734695": 0.2334882427049222, "9.183673469387756": 0.23092695617021236, "9.387755102040817": 0.22650471714189171, "9.591836734693878": 0.2220029558653982, "9.795918367346939": 0.21933655088637233, "10.0": 0.21943779005124175}, "lindbladian": {"0.0": 0.23520610944128095, "0.20408163265306123": 0.23436765332121534, "0.40816326530612246": 0.23240202069902527, "0.6122448979591837": 0.23059260945955895, "0.8163265306122449": 0.23010519467883833, "1.0204081632653061": 0.23122478923536843, "1.2244897959183674": 0.23319519221675533, "1.4285714285714286": 0.2347650351718492, "1.6326530612244898": 0.23505769233085286, "1.836734693877551": 0.23415675931116164, "2.0408163265306123": 0.23299729394598173, "2.2448979591836737": 0.23264250752164423, "2.4489795918367347": 0.23346252827828745, "2.6530612244897958": 0.23480566380414633, "2.857142857142857": 0.2354097866560857, "3.0612244897959187": 0.23428326332320745, "3.2653061224489797": 0.23145263782604086, "3.4693877551020407": 0.2280556186123021, "3.673469387755102": 0.22569498387074655, "3.8775510204081636": 0.22546592555917636, "4.081632653061225": 0.22729357170473558, "4.285714285714286": 0.23001772740676496, "4.4897959183673475": 0.2321666474888746, "4.6938775510204085": 0.23289870247436317, "4.8979591836734695": 0.23247512108150742, "5.1020408163265305": 0.23194674150618466, "5.3061224489795915": 0.2322825175230273, "5.510204081632653": 0.2335619904610305, "5.714285714285714": 0.23481733699689072, "5.918367346938775": 0.23466092505066452, "6.122448979591837": 0.232282131117231, "6.326530612244898": 0.22812748235942398, "6.530612244897959": 0.22377887804098878, "6.73469387755102": 0.22107851622025582, "6.938775510204081": 0.221054506110329, "7.142857142857143": 0.22334015834383147, "7.346938775510204": 0.22646097594952358, "7.551020408163265": 0.228796059931731, "7.755102040816327": 0.2295777884573671, "7.959183673469388": 0.2292703308245686, "8.16326530612245": 0.22908633646002835, "8.36734693877551": 0.22998798392504988, "8.571428571428571": 0.23187642220464616, "8.775510204081632": 0.2335506406218842, "8.979591836734695": 0.23348824270915713, "9.183673469387756": 0.23092695616693856, "9.387755102040817": 0.22650471714324938, "9.591836734693878": 0.22200295586923888, "9.795918367346939": 0.21933655088139642, "10.0": 0.21943779004658653}}