{"interaction": {"0.0": 0.23233996008397823, "0.3684210526315789": 0.23351407052132317, "0.7368421052631579": 0.23640652128423278, "1.1052631578947367": 0.23920920281270233, "1.4736842105263157": 0.24059524798888893, "1.8421052631578947": 0.24031745543673824, "2.2105263157894735": 0.23806343811970082, "2.5789473684210527": 0.23446338997019922, "2.9473684210526314": 0.23153170179915872, "3.31578947368421": 0.23059387972025236, "3.6842105263157894": 0.2319887833355978, "4.052631578947368": 0.23512349109041691, "4.421052631578947": 0.2382350971655876, "4.789473684210526": 0.23959168351596133, "5.157894736842105": 0.2382428215880558, "5.526315789473684": 0.2349395900329366, "5.894736842105263": 0.2319921608569996, "6.263157894736842": 0.23071354873846706, "6.63157894736842": 0.2312130927323546, "7.0": 0.23412925349550345}, "lindbladian": {"0.0": 0.23233996008397806, "0.3684210526315789": 0.23351407052133777, "0.7368421052631579": 0.23640652128423265, "1.1052631578947367": 0.23920920281260732, "1.4736842105263157": 0.24059524798897133, "1.8421052631578947": 0.24031745543680194, "2.2105263157894735": 0.23806343811963765, "2.5789473684210527": 0.23446338996969307, "2.9473684210526314": 0.2315317017988524, "3.31578947368421": 0.23059387972010897, "3.6842105263157894": 0.2319887833361895, "4.052631578947368": 0.23512349108949634, "4.421052631578947": 0.23823509716635644, "4.789473684210526": 0.23959168351534516, "5.157894736842105": 0.2382428215884479, "5.526315789473684": 0.23493959003261244, "5.894736842105263": 0.23199216085688243, "6.263157894736842": 0.2307135487387365, "6.63157894736842": 0.23121309273287732, "7.0": 0.23412925349498406}}