{"interaction": {"1.0": 0.3010148387136317, "1.4444444444444444": 0.30440894726820006, "1.8888888888888888": 0.30317799995325867, "2.333333333333333": 0.3030702356448958, "2.7777777777777777": 0.3135283630939276, "3.2222222222222223": 0.3175301970154339, "3.6666666666666665": 0.30651101635707556, "4.111111111111111": 0.30044444700800377, "4.555555555555555": 0.3047094257167221, "5.0": 0.30430179825304654}, "lindbladian": {"1.0": 0.3010148387136302, "1.4444444444444444": 0.30440894726818024, "1.8888888888888888": 0.30317799995322525, "2.333333333333333": 0.30307023564484753, "2.7777777777777777": 0.31352836309404697, "3.2222222222222223": 0.31753019701556195, "3.6666666666666665": 0.30651101635695, "4.111111111111111": 0.30044444700794487, "4.555555555555555": 0.30470942571631504, "5.0": 0.3043017982534282}, "sal": {}}