{"interaction": {"0.0": 0.3185383509741594, "2.5": 0.3301836428204526, "5.0": 0.3712604029481006, "7.5": 0.41747931917357495, "10.0": 0.46055499269183836}, "lindbladian": {"0.0": 0.3185383509741385, "2.5": 0.33017938133447045, "5.0": 0.3712596196323715, "7.5": 0.41747823747954593, "10.0": 0.46055446345792256}}