{"interaction": {"1.0": 0.3010148387136302, "1.2222222222222223": 0.3024912451304139, "1.4444444444444444": 0.3044089472681682, "1.6666666666666665": 0.3046740375043577, "1.8888888888888888": 0.303177999953255, "2.111111111111111": 0.3018565906809117, "2.333333333333333": 0.3030702356447823, "2.5555555555555554": 0.3075537253716633, "2.7777777777777777": 0.31352836309395593, "3.0": 0.3177108251241025}, "lindbladian": {"1.0": 0.30101483871363, "1.2222222222222223": 0.3024912451303692, "1.4444444444444444": 0.3044089472681802, "1.6666666666666665": 0.30467403750437694, "1.8888888888888888": 0.30317799995322503, "2.111111111111111": 0.30185659068088333, "2.333333333333333": 0.30307023564484736, "2.5555555555555554": 0.30755372537161674, "2.7777777777777777": 0.3135283630940469, "3.0": 0.3177108251240882}, "trotter": {"1.0": 0.3010158898932874, "1.2222222222222223": 0.3024941357060771, "1.4444444444444444": 0.3044103382941658, "1.6666666666666665": 0.30467316817230544, "1.8888888888888888": 0.30317628640989375, "2.111111111111111": 0.3018560553323345, "2.333333333333333": 0.30307189597872874, "2.5555555555555554": 0.30755693192162104, "2.7777777777777777": 0.3135313607750062, "3.0": 0.3177119864125214}, "sal": {"1.0": 0.3010133131936583, "1.2222222222222223": 0.3025737476301425, "1.4444444444444444": 0.3043354542474259, "1.6666666666666665": 0.3046686172041241, "1.8888888888888888": 0.303338596673331, "2.111111111111111": 0.3020048853117514, "2.333333333333333": 0.30309129437793436, "2.5555555555555554": 0.30742149250706335, "2.7777777777777777": 0.3132361123384101, "3.0": 0.31766590992165394}}