{"interaction": {"0.0": 0.3185383509741472, "1.25": 0.37268475554531866, "2.5": 0.47023345935875305, "3.75": 0.5487771351003804, "5.0": 0.6028099612089446}, "lindbladian": {"0.0": 0.3185383509741384, "1.25": 0.3726342693326511, "2.5": 0.47018608907756004, "3.75": 0.5487442390740224, "5.0": 0.6027888061917965}}