{"interaction": {"1.0": 0.3010148387136111, "1.2105263157894737": 0.3023790110411518, "1.4210526315789473": 0.30426114701303536, "1.631578947368421": 0.3047751516241676, "1.8421052631578947": 0.3035641935751653, "2.052631578947368": 0.3020407308625265, "2.263157894736842": 0.30231894977061297, "2.473684210526316": 0.30558281894693207, "2.6842105263157894": 0.31103115334185394, "2.894736842105263": 0.3161604076330945, "3.1052631578947367": 0.3182420171862028, "3.3157894736842106": 0.3160350471931905, "3.526315789473684": 0.3106000587339973, "3.7368421052631575": 0.3046676677849909, "3.9473684210526314": 0.30097180222558895, "4.157894736842105": 0.30064031862947194, "4.368421052631579": 0.30268609981599304, "4.578947368421052": 0.30489546887565766, "4.789473684210526": 0.3054726277636206, "5.0": 0.3043017982539167}, "lindbladian": {"1.0": 0.3010148387136302, "1.2105263157894737": 0.3023790110411486, "1.4210526315789473": 0.30426114701308465, "1.631578947368421": 0.3047751516241697, "1.8421052631578947": 0.3035641935751454, "2.052631578947368": 0.30204073086258376, "2.263157894736842": 0.302318949770633, "2.473684210526316": 0.3055828189470198, "2.6842105263157894": 0.3110311533418745, "2.894736842105263": 0.31616040763307585, "3.1052631578947367": 0.31824201718622597, "3.3157894736842106": 0.31603504719313824, "3.526315789473684": 0.31060005873450647, "3.7368421052631575": 0.30466766778479776, "3.9473684210526314": 0.30097180222572806, "4.157894736842105": 0.3006403186301785, "4.368421052631579": 0.30268609981579164, "4.578947368421052": 0.3048954688761405, "4.789473684210526": 0.3054726277629275, "5.0": 0.3043017982534282}, "sal": {"1.0": 0.3137352223791233, "1.2105263157894737": 0.31092860916381015, "1.4210526315789473": 0.3082872424827589, "1.631578947368421": 0.30486136632039434, "1.8421052631578947": 0.302760961100103, "2.052631578947368": 0.3025530793050358, "2.263157894736842": 0.3024254956291534, "2.473684210526316": 0.30377616436143035, "2.6842105263157894": 0.3046403019162379, "2.894736842105263": 0.303555985300797, "3.1052631578947367": 0.30346558570108123, "3.3157894736842106": 0.30229577482688247, "3.526315789473684": 0.3042194018781303, "3.7368421052631575": 0.308241023265449, "3.9473684210526314": 0.3073036069528817, "4.157894736842105": 0.3109084064927032, "4.368421052631579": 0.30971374107564204, "4.578947368421052": 0.3129922846620362, "4.789473684210526": 0.3081337661181589, "5.0": 0.31307268470739813}}