{"interaction": {"1.0": 0.23105546218589096, "1.4444444444444444": 0.23483916669344607, "1.8888888888888888": 0.23383776205084508, "2.333333333333333": 0.23286952736347316, "2.7777777777777777": 0.2353427577373768, "3.2222222222222223": 0.23214878486102392, "3.6666666666666665": 0.2257425938255131, "4.111111111111111": 0.22766767749905356, "4.555555555555555": 0.23256735289729102, "5.0": 0.2321500404530797}, "lindbladian": {"1.0": 0.2310554621858907, "1.4444444444444444": 0.234839166693443, "1.8888888888888888": 0.23383776205084406, "2.333333333333333": 0.23286952736348338, "2.7777777777777777": 0.23534275773738153, "3.2222222222222223": 0.232148784861065, "3.6666666666666665": 0.2257425938255088, "4.111111111111111": 0.22766767749906225, "4.555555555555555": 0.23256735289725278, "5.0": 0.2321500404531846}, "trotter": {"1.0": 0.23105726928014295, "1.4444444444444444": 0.2348401306028002, "1.8888888888888888": 0.23383782211159387, "2.333333333333333": 0.23287021188679172, "2.7777777777777777": 0.23534345871229717, "3.2222222222222223": 0.23214884824884405, "3.6666666666666665": 0.2257429642844272, "4.111111111111111": 0.22766857096030724, "4.555555555555555": 0.2325679091283016, "5.0": 0.23215034553193226}, "sal": {"1.0": 0.23145778192992084, "1.4444444444444444": 0.2343450605835217, "1.8888888888888888": 0.2334550143632991, "2.333333333333333": 0.2329268252470686, "2.7777777777777777": 0.2353680050419003, "3.2222222222222223": 0.23207944877512246, "3.6666666666666665": 0.22717500645032612, "4.111111111111111": 0.22828727510814456, "4.555555555555555": 0.23230666498507824, "5.0": 0.23211282449544057}}