{"interaction": {"1.0": 0.3378107352944615, "1.4444444444444444": 0.3535388341627587, "1.8888888888888888": 0.36582680068706136, "2.333333333333333": 0.3772125635106359, "2.7777777777777777": 0.387686739293618, "3.2222222222222223": 0.395062949475079, "3.6666666666666665": 0.40026428121764634, "4.111111111111111": 0.4049769187661379, "4.555555555555555": 0.4091030299185052, "5.0": 0.41240945134995877}, "lindbladian": {"1.0": 0.33777633533867824, "1.4444444444444444": 0.35348848032493807, "1.8888888888888888": 0.36575470015548484, "2.333333333333333": 0.3771043154270451, "2.7777777777777777": 0.38756951291183955, "3.2222222222222223": 0.39495607630959406, "3.6666666666666665": 0.4001468345905473, "4.111111111111111": 0.4048457460964572, "4.555555555555555": 0.4089751857140736, "5.0": 0.4122793252045951}, "sal": {"1.0": 0.3670093854152247, "1.4444444444444444": 0.38499665422269086, "1.8888888888888888": 0.39668055188084256, "2.333333333333333": 0.40468550998291003, "2.7777777777777777": 0.4087990100510044, "3.2222222222222223": 0.41221164465840476, "3.6666666666666665": 0.41471364077067885, "4.111111111111111": 0.4145192850988319, "4.555555555555555": 0.415301275083789, "5.0": 0.4158798900450689}}