{
    "L": 10,
    "m": 10,
    "O_norm": 9.0,
    "H_norm": 1.0,
    "Gamma": 24.0,
    "beta_max": 1.0,
    "epsilon": 0.1,
    "alpha_commutator_1st": 1.1114244518026801,
    "alpha_commutator_2nd": 2.3818703023137573,
    "time_values": [
        0.1,
        1.2000000000000002,
        2.3000000000000003,
        3.4000000000000004,
        4.5,
        5.6,
        6.7,
        7.800000000000001,
        8.9,
        10.0
    ],
    "hash": "eb9d1a4b57e1b26cc6cf6b80d200fa22"
}