{
    "L": 10,
    "m": 10,
    "O_norm": 9.0,
    "H_norm": 1.0,
    "Gamma": 24.0,
    "beta_max": 1.0,
    "epsilon": 0.1,
    "alpha_commutator_1st": 1.1114244518026801,
    "alpha_commutator_2nd": 2.3818703023137573,
    "time_values": [
        10.0,
        11.983967935871743,
        13.967935871743487,
        15.951903807615231,
        17.935871743486974,
        19.919839679358716,
        21.903807615230463,
        23.887775551102205,
        25.871743486973948,
        27.85571142284569,
        29.839679358717433,
        31.82364729458918,
        33.807615230460925,
        35.791583166332664,
        37.77555110220441,
        39.75951903807615,
        41.743486973947896,
        43.72745490981964,
        45.71142284569138,
        47.69539078156313,
        49.679358717434866,
        51.66332665330661,
        53.64729458917836,
        55.6312625250501,
        57.61523046092184,
        59.59919839679359,
        61.58316633266533,
        63.567134268537075,
        65.55110220440882,
        67.53507014028057,
        69.5190380761523,
        71.50300601202404,
        73.48697394789579,
        75.47094188376754,
        77.45490981963928,
        79.43887775551102,
        81.42284569138276,
        83.40681362725451,
        85.39078156312625,
        87.374749498998,
        89.35871743486973,
        91.34268537074148,
        93.32665330661322,
        95.31062124248497,
        97.29458917835672,
        99.27855711422846,
        101.2625250501002,
        103.24649298597194,
        105.23046092184369,
        107.21442885771543,
        109.19839679358718,
        111.18236472945891,
        113.16633266533066,
        115.1503006012024,
        117.13426853707415,
        119.1182364729459,
        121.10220440881764,
        123.08617234468937,
        125.07014028056112,
        127.05410821643287,
        129.0380761523046,
        131.02204408817636,
        133.0060120240481,
        134.98997995991982,
        136.97394789579158,
        138.9579158316633,
        140.94188376753507,
        142.9258517034068,
        144.90981963927857,
        146.8937875751503,
        148.87775551102203,
        150.8617234468938,
        152.84569138276552,
        154.82965931863728,
        156.81362725450902,
        158.79759519038075,
        160.7815631262525,
        162.76553106212424,
        164.749498997996,
        166.73346693386773,
        168.71743486973946,
        170.70140280561122,
        172.68537074148296,
        174.66933867735472,
        176.65330661322645,
        178.6372745490982,
        180.62124248496994,
        182.60521042084167,
        184.58917835671343,
        186.57314629258516,
        188.55711422845692,
        190.54108216432866,
        192.5250501002004,
        194.50901803607215,
        196.49298597194388,
        198.47695390781564,
        200.46092184368737,
        202.4448897795591,
        204.42885771543087,
        206.4128256513026,
        208.39679358717436,
        210.3807615230461,
        212.36472945891782,
        214.34869739478958,
        216.3326653306613,
        218.31663326653307,
        220.3006012024048,
        222.28456913827654,
        224.2685370741483,
        226.25250501002003,
        228.2364729458918,
        230.22044088176352,
        232.20440881763528,
        234.18837675350701,
        236.17234468937875,
        238.1563126252505,
        240.14028056112224,
        242.124248496994,
        244.10821643286573,
        246.09218436873746,
        248.07615230460922,
        250.06012024048096,
        252.04408817635272,
        254.02805611222445,
        256.0120240480962,
        257.99599198396794,
        259.97995991983964,
        261.9639278557114,
        263.94789579158316,
        265.9318637274549,
        267.9158316633266,
        269.8997995991984,
        271.88376753507015,
        273.8677354709419,
        275.8517034068136,
        277.8356713426854,
        279.81963927855713,
        281.80360721442884,
        283.7875751503006,
        285.77154308617236,
        287.75551102204406,
        289.7394789579158,
        291.7234468937876,
        293.70741482965934,
        295.69138276553105,
        297.6753507014028,
        299.65931863727457,
        301.64328657314627,
        303.62725450901803,
        305.6112224448898,
        307.5951903807615,
        309.57915831663325,
        311.563126252505,
        313.5470941883768,
        315.5310621242485,
        317.51503006012024,
        319.498997995992,
        321.4829659318637,
        323.46693386773546,
        325.4509018036072,
        327.4348697394789,
        329.4188376753507,
        331.40280561122245,
        333.3867735470942,
        335.3707414829659,
        337.3547094188377,
        339.33867735470943,
        341.32264529058114,
        343.3066132264529,
        345.29058116232466,
        347.2745490981964,
        349.2585170340681,
        351.2424849699399,
        353.22645290581164,
        355.21042084168334,
        357.1943887775551,
        359.17835671342687,
        361.16232464929857,
        363.14629258517033,
        365.1302605210421,
        367.11422845691385,
        369.09819639278555,
        371.0821643286573,
        373.0661322645291,
        375.0501002004008,
        377.03406813627254,
        379.0180360721443,
        381.002004008016,
        382.98597194388776,
        384.9699398797595,
        386.9539078156313,
        388.937875751503,
        390.92184368737475,
        392.9058116232465,
        394.8897795591182,
        396.87374749498997,
        398.85771543086173,
        400.8416833667335,
        402.8256513026052,
        404.80961923847696,
        406.7935871743487,
        408.7775551102204,
        410.7615230460922,
        412.74549098196394,
        414.72945891783564,
        416.7134268537074,
        418.69739478957916,
        420.6813627254509,
        422.6653306613226,
        424.6492985971944,
        426.63326653306615,
        428.61723446893785,
        430.6012024048096,
        432.5851703406814,
        434.5691382765531,
        436.55310621242484,
        438.5370741482966,
        440.52104208416836,
        442.50501002004006,
        444.4889779559118,
        446.4729458917836,
        448.4569138276553,
        450.44088176352705,
        452.4248496993988,
        454.40881763527057,
        456.39278557114227,
        458.37675350701403,
        460.3607214428858,
        462.3446893787575,
        464.32865731462925,
        466.312625250501,
        468.2965931863727,
        470.2805611222445,
        472.26452905811624,
        474.248496993988,
        476.2324649298597,
        478.21643286573146,
        480.2004008016032,
        482.1843687374749,
        484.1683366733467,
        486.15230460921845,
        488.13627254509015,
        490.1202404809619,
        492.10420841683367,
        494.08817635270543,
        496.07214428857714,
        498.0561122244489,
        500.04008016032066,
        502.02404809619236,
        504.0080160320641,
        505.9919839679359,
        507.9759519038076,
        509.95991983967934,
        511.9438877755511,
        513.9278557114228,
        515.9118236472946,
        517.8957915831663,
        519.8797595190381,
        521.8637274549098,
        523.8476953907816,
        525.8316633266533,
        527.815631262525,
        529.7995991983968,
        531.7835671342685,
        533.7675350701403,
        535.7515030060121,
        537.7354709418838,
        539.7194388777555,
        541.7034068136272,
        543.687374749499,
        545.6713426853707,
        547.6553106212425,
        549.6392785571143,
        551.6232464929859,
        553.6072144288577,
        555.5911823647294,
        557.5751503006012,
        559.559118236473,
        561.5430861723447,
        563.5270541082165,
        565.5110220440881,
        567.4949899799599,
        569.4789579158316,
