{
    "L": 10,
    "m": 10,
    "O_norm": 9.0,
    "H_norm": 1.0,
    "Gamma": 24.0,
    "beta_max": 1.0,
    "epsilon": 0.1,
    "alpha_commutator_1st": 1.1114244518026801,
    "alpha_commutator_2nd": 2.3818703023137573,
    "time_values": [
        0.1,
        11.200000000000001,
        22.300000000000004,
        33.400000000000006,
        44.50000000000001,
        55.60000000000001,
        66.7,
        77.80000000000001,
        88.9,
        100.0
    ],
    "hash": "0a9d84861d080e4ca3d202386f4ef0d9"
}