{
    "L": 10,
    "m": 10,
    "O_norm": 9.0,
    "H_norm": 1.0,
    "Gamma": 24.0,
    "beta_max": 1.0,
    "epsilon": 0.1,
    "alpha_commutator_1st": 1.1114244518026801,
    "alpha_commutator_2nd": 2.3818703023137573,
    "time_values": [
        10.0,
        30.20408163265306,
        50.40816326530612,
        70.61224489795919,
        90.81632653061224,
        111.0204081632653,
        131.22448979591837,
        151.42857142857142,
        171.6326530612245,
        191.83673469387756,
        212.0408163265306,
        232.24489795918367,
        252.44897959183675,
        272.6530612244898,
        292.85714285714283,
        313.0612244897959,
        333.265306122449,
        353.46938775510205,
        373.6734693877551,
        393.87755102040813,
        414.0816326530612,
        434.2857142857143,
        454.48979591836735,
        474.6938775510204,
        494.8979591836735,
        515.1020408163265,
        535.3061224489796,
        555.5102040816327,
        575.7142857142857,
        595.9183673469388,
        616.1224489795918,
        636.3265306122449,
        656.530612244898,
        676.734693877551,
        696.9387755102041,
        717.1428571428571,
        737.3469387755102,
        757.5510204081633,
        777.7551020408163,
        797.9591836734694,
        818.1632653061224,
        838.3673469387755,
        858.5714285714286,
        878.7755102040816,
        898.9795918367347,
        919.1836734693877,
        939.3877551020408,
        959.5918367346939,
        979.795918367347,
        1000.0
    ],
    "hash": "3264b1bb6bfc2ac82517b5fa94311153"
}