{
    "L": 10,
    "m": 10,
    "O_norm": 9.0,
    "H_norm": 1.0,
    "Gamma": 24.0,
    "beta_max": 1.0,
    "epsilon": 0.1,
    "alpha_commutator_1st": 1.1114244518026801,
    "alpha_commutator_2nd": 2.3818703023137573,
    "time_values": [
        0.1,
        20.506122448979593,
        40.912244897959184,
        61.31836734693878,
        81.72448979591836,
        102.13061224489795,
        122.53673469387755,
        142.94285714285712,
        163.34897959183672,
        183.75510204081633,
        204.1612244897959,
        224.5673469387755,
        244.9734693877551,
        265.37959183673473,
        285.7857142857143,
        306.1918367346939,
        326.5979591836735,
        347.0040816326531,
        367.4102040816327,
        387.81632653061223,
        408.22244897959183,
        428.62857142857143,
        449.03469387755104,
        469.44081632653064,
        489.84693877551024,
        510.2530612244898,
        530.6591836734694,
        551.065306122449,
        571.4714285714285,
        591.8775510204082,
        612.2836734693877,
        632.6897959183674,
        653.0959183673469,
        673.5020408163265,
        693.9081632653061,
        714.3142857142857,
        734.7204081632653,
        755.1265306122449,
        775.5326530612244,
        795.9387755102041,
        816.3448979591836,
        836.7510204081633,
        857.1571428571428,
        877.5632653061224,
        897.969387755102,
        918.3755102040816,
        938.7816326530613,
        959.1877551020408,
        979.5938775510205,
        1000.0
    ],
    "hash": "3232cf774349efe8550575289572c6a7"
}