{
    "L": 10,
    "m": 10,
    "O_norm": 9.0,
    "H_norm": 1.0,
    "Gamma": 24.0,
    "beta_max": 1.0,
    "epsilon": 0.1,
    "alpha_commutator_1st": 1.1114244518026801,
    "alpha_commutator_2nd": 2.3818703023137573,
    "time_values": [
        0.1,
        111.19999999999999,
        222.29999999999998,
        333.4,
        444.5,
        555.6,
        666.6999999999999,
        777.8,
        888.9,
        1000.0
    ],
    "hash": "fe3673dc359038b541d6c5f1707e67e8"
}