{
    "inv_temp": 1000000,
    "qubits": 6,
    "h_val": -0.1,
    "beta": 0.0,
    "collision count": [
        0,
        11,
        22,
        33,
        44,
        55,
        66,
        77,
        88,
        100
    ],
    "results": {
        "1": {
            "0": {
                "taus": {},
                "observable": [
                    0.6666666666666666,
                    0.675712,
                    0.684512,
                    0.6930039999999998,
                    0.7012196666666668,
                    0.7092079999999998,
                    0.7169776666666665,
                    0.7245429999999999,
                    0.7319170000000002,
                    0.7397213333333331
                ],
                "swap_hash": "33d92711"
            },
            "0.9": {
                "taus": {},
                "observable": [
                    0.6666666666666666,
                    0.6755463333333334,
                    0.684129,
                    0.6924709999999998,
                    0.700611,
                    0.7085403333333333,
                    0.7162546666666666,
                    0.7237626666666666,
                    0.7310736666666666,
                    0.7388236666666665
                ],
                "swap_hash": "59d7ed8e"
            },
            "0.99": {
                "taus": {},
                "observable": [
                    0.6666666666666666,
                    0.675144,
                    0.682727,
                    0.6898553333333333,
                    0.6966986666666666,
                    0.703346,
                    0.7098249999999999,
                    0.7161606666666667,
                    0.7223539999999999,
                    0.7289720000000002
                ],
                "swap_hash": "c13d54d1"
            },
            "0.999": {
                "taus": {},
                "observable": [
                    0.6666666666666666,
                    0.6750373333333334,
                    0.6820339999999999,
                    0.6879713333333335,
                    0.6930826666666665,
                    0.697573,
                    0.7014956666666667,
                    0.7050306666666666,
                    0.7082880000000001,
                    0.7115330000000001
                ],
                "swap_hash": "012600f3"
            },
            "1": {
                "taus": {},
                "observable": [
                    0.6666666666666666,
                    0.6750283333333333,
                    0.6819319999999998,
                    0.687662,
                    0.6924003333333333,
                    0.6963426666666666,
                    0.6995806666666665,
                    0.7022523333333334,
                    0.7045136666666665,
                    0.7064796666666665
                ],
                "swap_hash": "83fdfd0e"
            }
        }
    }
}