{"4": {"0.5011872336272722": 0.6145002674013955, "0.6215990068310324": 0.5619086729204921, "0.7420107800347926": 0.5227226999286685, "0.8624225532385527": 0.49644224861217184, "0.9828343264423128": 0.48135725151196285, "1.1032460996460731": 0.4663141068529835, "1.223657872849833": 0.44941499642095, "1.3440696460535932": 0.44210994623387684, "1.4644814192573534": 0.43370728005648507, "1.5848931924611136": 0.4293301746247292}}