{"4": {"0.5011872336272722": 0.8088272744726526, "0.6215990068310324": 0.7471949203949264, "0.7420107800347926": 0.6852132749463158, "0.8624225532385527": 0.6340872827560703, "0.9828343264423128": 0.5957282125343738, "1.1032460996460731": 0.5669869385384402, "1.223657872849833": 0.5371342718219223, "1.3440696460535932": 0.5188629169030264, "1.4644814192573534": 0.5025839990943136, "1.5848931924611136": 0.48685818036837775}}