{"First Order Trotter": {"0.1": 4106721473100, "0.046415888336127795": 6010219366520, "0.021544346900318846": 8251048579000, "0.01": 10354868480540, "0.004641588833612782": 13206125574380, "0.0021544346900318843": 15796194491040, "0.001": 19260614993380, "0.0004641588833612782": 23066061283100, "0.00021544346900318845": 26418187493260, "0.0001": 30838000845280}, "qDRIFT": {"0.1": 2311148923.1954494, "0.046415888336127795": 3382384735.6219196, "0.021544346900318846": 4643461268.898964, "0.01": 5827432735.285186, "0.004641588833612782": 7432041107.240171, "0.0021544346900318843": 8889660038.39258, "0.001": 10839339773.515963, "0.0004641588833612782": 12980939382.687717, "0.00021544346900318845": 14867422999.84413, "0.0001": 17354771356.882614}, "Truncated Taylor Series": {"0.1": 354253285.6682118, "0.046415888336127795": 518452486.2317435, "0.021544346900318846": 715057441.5658494, "0.01": 947181536.667329, "0.004641588833612782": 1139184482.4547565, "0.0021544346900318843": 1248651262.8668423, "0.001": 1653736317.9801462, "0.0004641588833612782": 2017454479.6413434, "0.00021544346900318845": 2268292893.501951, "0.0001": 2647782637.738688}}