{"First Order Trotter": {"0.1": 930593735210424, "0.046415888336127795": 1396653601363416, "0.021544346900318846": 1851825874172760, "0.01": 2364502483890840, "0.004641588833612782": 3066965845451880, "0.0021544346900318843": 3710691417390264, "0.001": 4412594171448216, "0.0004641588833612782": 5172783300695952, "0.00021544346900318845": 6186160808127504, "0.0001": 7078004033476152}, "qDRIFT": {"0.1": 154367689388.98367, "0.046415888336127795": 231678100677.44205, "0.021544346900318846": 307182469029.4776, "0.01": 392225705949.9997, "0.004641588833612782": 508750932457.3685, "0.0021544346900318843": 466645609087.4887, "0.001": 554914829256.1243, "0.0004641588833612782": 650513972290.0974, "0.00021544346900318845": 777953338992.9918, "0.0001": 890108912609.7267}, "Truncated Taylor Series": {"0.1": 5820099780.211328, "0.046415888336127795": 8734921599.878317, "0.021544346900318846": 11764857123.78641, "0.01": 14975163570.803984, "0.004641588833612782": 19424092600.800526, "0.0021544346900318843": 23647860009.09617, "0.001": 27859084394.91266, "0.0004641588833612782": 30918587699.45671, "0.00021544346900318845": 39546178408.15058, "0.0001": 42726558316.16594}}