{"First Order Trotter": {"0.1": 84823682512848, "0.046415888336127795": 121145025548784, "0.021544346900318846": 162988951597362, "0.01": 210401076231300, "0.004641588833612782": 263406123346770, "0.0021544346900318843": 322018739844756, "0.001": 386248187422194, "0.0004641588833612782": 456100623517302, "0.00021544346900318845": 531580308226686, "0.0001": 612690286438326}, "qDRIFT": {"0.1": 19564487540.040257, "0.046415888336127795": 27941964518.44596, "0.021544346900318846": 37593219400.00315, "0.01": 48528772873.10729, "0.004641588833612782": 60754327537.706696, "0.0021544346900318843": 74273261861.38832, "0.001": 89087711835.42201, "0.0004641588833612782": 105199098142.37328, "0.00021544346900318845": 122608402779.39131, "0.0001": 141316328636.62656}, "Truncated Taylor Series": {"0.1": 1240625644.193817, "0.046415888336127795": 1750484995.9675272, "0.021544346900318846": 2374280108.157137, "0.01": 3064938359.9625936, "0.004641588833612782": 3829323718.6597095, "0.0021544346900318843": 4492032610.304823, "0.001": 5694672617.763204, "0.0004641588833612782": 6362421253.410399, "0.00021544346900318845": 7743595742.777704, "0.0001": 8835051354.316486}}