{"First Order Trotter": {"0.1": 63134723450, "0.046415888336127795": 74249089230, "0.021544346900318846": 82205877966, "0.01": 169216899002, "0.004641588833612782": 132093884700, "0.0021544346900318843": 194943993800, "0.001": 229131213360, "0.0004641588833612782": 318480920800, "0.00021544346900318845": 263803533576, "0.0001": 301217582362}, "qDRIFT": {"0.1": 2599960443.7121058, "0.046415888336127795": 3633655437.963938, "0.021544346900318846": 4814153949.391315, "0.01": 6446720740.563512, "0.004641588833612782": 7964909478.167799, "0.0021544346900318843": 10022346344.939634, "0.001": 11880001730.90176, "0.0004641588833612782": 13888282744.911789, "0.00021544346900318845": 16560908730.481865, "0.0001": 18909666682.152145}, "Truncated Taylor Series": {"0.1": 346705462.632426, "0.046415888336127795": 487157654.3003665, "0.021544346900318846": 641968794.2155151, "0.01": 859672041.233468, "0.004641588833612782": 1079277428.260794, "0.0021544346900318843": 1206968489.6127317, "0.001": 1601259368.7433438, "0.0004641588833612782": 1822094452.7370057, "0.00021544346900318845": 2196512485.549289, "0.0001": 2250097142.1723733}}