{"First Order Trotter": {"0.1": 14315184, "0.046415888336127795": 19671768, "0.021544346900318846": 27901152, "0.01": 34813800, "0.004641588833612782": 45416376, "0.0021544346900318843": 53902368, "0.001": 66883320, "0.0004641588833612782": 76949352, "0.00021544346900318845": 92310840, "0.0001": 103960152}, "qDRIFT": {"0.1": 604195.2, "0.046415888336127795": 830260.7999999999, "0.021544346900318846": 1177610.4, "0.01": 1469361.5999999999, "0.004641588833612782": 1916848.7999999998, "0.0021544346900318843": 2275020.0, "0.001": 2822882.4, "0.0004641588833612782": 3247732.8, "0.00021544346900318845": 3896078.3999999994, "0.0001": 4387759.199999999}, "Truncated Taylor Series": {"0.1": 127735.31421502834, "0.046415888336127795": 177652.35045035678, "0.021544346900318846": 269655.6638865215, "0.01": 342569.26794736105, "0.004641588833612782": 422551.5403825696, "0.0021544346900318843": 511497.0805889866, "0.001": 515047.40499215387, "0.0004641588833612782": 760847.6809397425, "0.00021544346900318845": 697444.6444627962, "0.0001": 983387.4890519405}}