{"First Order Trotter": {"0.1": 1710720, "0.046415888336127795": 2350890, "0.021544346900318846": 3334365, "0.01": 4160430, "0.004641588833612782": 5427540, "0.0021544346900318843": 6441660, "0.001": 7992945, "0.0004641588833612782": 9195795, "0.00021544346900318845": 11031660, "0.0001": 12423780}, "qDRIFT": {"0.1": 125685.0, "0.046415888336127795": 172719.0, "0.021544346900318846": 244971.0, "0.01": 305667.0, "0.004641588833612782": 398763.0, "0.0021544346900318843": 473269.5, "0.001": 587236.5, "0.0004641588833612782": 675621.0, "0.00021544346900318845": 810486.0, "0.0001": 912762.0}, "Truncated Taylor Series": {"0.1": 42256.84240987055, "0.046415888336127795": 58779.93724892448, "0.021544346900318846": 89217.18452400541, "0.01": 113333.84714056342, "0.004641588833612782": 139809.05632764904, "0.0021544346900318843": 169243.0662993827, "0.001": 170127.26454873214, "0.0004641588833612782": 251615.32782339564, "0.00021544346900318845": 230469.9850750128, "0.0001": 325288.34650995943}}