{"First Order Trotter": {"0.1": 916457256, "0.046415888336127795": 1306430880, "0.021544346900318846": 1737153240, "0.01": 2496108576, "0.004641588833612782": 3423577256, "0.0021544346900318843": 4551361120, "0.001": 4346545392, "0.0004641588833612782": 6908395160, "0.00021544346900318845": 7355385642, "0.0001": 5850704364}, "qDRIFT": {"0.1": 6315285.968275424, "0.046415888336127795": 9034171.844756532, "0.021544346900318846": 12183682.52592797, "0.01": 15767239.915895026, "0.004641588833612782": 19786660.581034582, "0.0021544346900318843": 24243000.664589014, "0.001": 29136922.016323537, "0.0004641588833612782": 34468854.13449006, "0.00021544346900318845": 40239092.73919643, "0.0001": 46447856.10004608}, "Truncated Taylor Series": {"0.1": 4614193.943653247, "0.046415888336127795": 6504554.0090512335, "0.021544346900318846": 8772181.050432777, "0.01": 11688011.042576935, "0.004641588833612782": 14878178.994793171, "0.0021544346900318843": 17454824.954972103, "0.001": 20668254.036254752, "0.0004641588833612782": 25367771.896361522, "0.00021544346900318845": 29400275.54231458, "0.0001": 46602789.11236885}}