{"First Order Trotter": {"0.1": 1489908134580, "0.046415888336127795": 2159095888060, "0.021544346900318846": 2940394515020, "0.01": 3635334131340, "0.004641588833612782": 4613948575420, "0.0021544346900318843": 5706003438860, "0.001": 6911617770120, "0.0004641588833612782": 8230871569900, "0.00021544346900318845": 9327713779760, "0.0001": 10845961112780}, "qDRIFT": {"0.1": 2028856421.759293, "0.046415888336127795": 2940111083.3228083, "0.021544346900318846": 4004030850.4015307, "0.01": 4950352709.711557, "0.004641588833612782": 6282963770.486854, "0.0021544346900318843": 7770050380.566622, "0.001": 9411774683.848076, "0.0004641588833612782": 11208245458.162426, "0.00021544346900318845": 12701851088.978636, "0.0001": 14769297847.218733}, "Truncated Taylor Series": {"0.1": 264150722.62130585, "0.046415888336127795": 403503319.17539144, "0.021544346900318846": 529607624.27512366, "0.01": 646571557.4719894, "0.004641588833612782": 818022148.9646372, "0.0021544346900318843": 1027733832.9169674, "0.001": 1237082854.4972818, "0.0004641588833612782": 1468566664.3202379, "0.00021544346900318845": 1685319338.5739422, "0.0001": 1941275253.2099755}}