{"First Order Trotter": {"0.1": 2856239595505600, "0.046415888336127795": 4167027360158000, "0.021544346900318846": 5709988566665280, "0.01": 7486255511835120, "0.004641588833612782": 9177236650215120, "0.0021544346900318843": 11382352440476080, "0.001": 13821962779456000, "0.0004641588833612782": 16064943273332560, "0.00021544346900318845": 18934737494768320, "0.0001": 22039315375342480}, "qDRIFT": {"0.1": 612746967885.0436, "0.046415888336127795": 680943486228.3496, "0.021544346900318846": 933082311448.5597, "0.01": 1223346161530.8315, "0.004641588833612782": 1499673262856.7393, "0.0021544346900318843": 1860016285146.9465, "0.001": 2258678598943.663, "0.0004641588833612782": 2625209179466.896, "0.00021544346900318845": 3094168826640.234, "0.0001": 3601495009677.588}, "Truncated Taylor Series": {"0.1": 17832625928.917473, "0.046415888336127795": 27587307258.03239, "0.021544346900318846": 37802297756.566124, "0.01": 49248280299.74088, "0.004641588833612782": 60949005726.85808, "0.0021544346900318843": 76070673665.278, "0.001": 92085622657.87921, "0.0004641588833612782": 100299752308.768, "0.00021544346900318845": 126148298898.80766, "0.0001": 145908656811.46133}}