{"taylor": [[21.46348645668845, 21.37301486556577, 21.44641294332951, 21.765721527663544, 21.513527139188046], [22.749352253789628, 22.25142693266261, 22.64782553225319, 22.523458583302965, 22.44923531218662], [23.6416297601596, 23.467479182968173, 23.321725553900936, 23.643990687696707, 23.449081122274787], [24.152428447020004, 24.252895223569556, 23.96418854819761, 23.65415000478216, 24.226943659665825], [24.914704285245204, 24.312235411039346, 24.567543468333284, 24.507414066107046, 24.759002281957052], [25.02846458295545, 24.68882015333702, 25.26428366272389, 24.912471287890632, 24.848150306923774], [25.57550748086093, 25.15643479084012, 25.388427241946683, 25.33311715845774, 25.398224203680577], [25.992902906292038, 25.82074025328937, 25.315091157169807, 25.487961319129994, 25.77191910240435], [25.941040440087402, 25.9989353786401, 25.70324332575263, 26.377754383388737, 26.156283713786905], [26.23853266141081, 26.403239297130863, 26.208878736188414, 26.24097652711246, 26.26438955141237], [26.629752313524897, 26.619729690916273, 26.3389298188784, 26.44532774238747, 26.699436856331012], [26.666609118026738, 26.707909266331523, 26.6640676698518, 27.26295305574641, 26.627574404842655], [27.12350384706253, 27.058255285811438, 26.731097322283254, 26.926779900016687, 27.119220731474577], [27.328924426634426, 27.239996852649494, 27.10018891495842, 26.637947357391052, 27.066954347695745], [27.39869998984773, 27.22565408935468, 27.228247310617704, 27.0656982594349, 27.185741147500003], [27.273158445913243, 27.119158105926992, 27.231922081533344, 27.5931944814594, 27.56025655663751], [27.736911152030864, 27.865218934463364, 27.63773143918535, 27.696082937711697, 27.547931001185518], [27.632837037213648, 27.989526175867034, 27.615276791090402, 27.75898020367418, 27.892729400601986], [27.924661139608972, 28.300707355776744, 28.03433634722255, 27.838107753760653, 27.846473779272664], [28.36581981235933, 28.092365859461736, 28.586381218735937, 28.226494916656165, 27.948533372576925]], "trotter": [[32.891975850439586, 36.21389226968353, 39.53581861321623, 42.85774659134654, 46.179674668720345], [34.01082158331037, 37.332746094080385, 40.65467338254012, 43.976601396784694, 47.29852948629587], [34.81501646764205, 38.136942509972506, 41.458870194348144, 44.78079827897271, 48.10272637334693], [35.44323331384236, 38.76515941679849, 42.08708737889034, 45.409015460498146, 48.73094355405755], [35.958828980230166, 39.28075498507148, 42.60268289417682, 45.924610975130534, 49.24653906885676], [36.3961081340771, 39.71803537143506, 43.03996346632242, 46.36189154748931, 49.68381964186215], [36.775756656764244, 40.097684488004305, 43.419612582891666, 46.7415406659149, 50.063468759615844], [37.111211366894636, 40.433139461782, 43.75506746264208, 47.0769955564847, 50.39892365105863], [37.41169667199344, 40.733624682049474, 44.055552734521164, 47.3774808277119, 50.69940892225994], [37.683819918158186, 41.005747802299084, 44.327675833962495, 47.649603926742394, 50.971532021348764], [37.932476393155966, 41.25440401502713, 44.576332104001786, 47.89826019652406, 51.2201882913523], [38.161393570130876, 41.48332146321179, 44.80524955305399, 48.12717764592329, 51.449105740558394], [38.37347672064456, 41.695404771977564, 45.017332827666, 48.33926092081119, 51.66118901535012], [38.571033003556835, 41.89296106046364, 45.21488913636073, 48.53681722972887, 51.85874532431239], [38.755925540719474, 42.07785356878274, 45.39978163359926, 48.72170972715014, 52.04363782183703], [38.92968052556726, 42.25160844272947, 45.57353653465474, 48.895464628357274, 52.2173927231854], [39.093563600728054, 42.41549166917527, 45.737419761418614, 49.059347855512776, 52.381275950267934], [39.24863695986947, 42.57056488853801, 45.89249296205438, 49.214421056466826, 52.536349151211716], [39.39579917612006, 42.71772714235049, 46.039655226516444, 49.36158332118938, 52.68351141596953], [39.53581861321623, 42.85774659134654, 46.179674668720345, 49.50160276360771, 52.823530858456145]], "qdrift": [[19.92878147748566, 23.253042143682915, 26.364578653713092, 29.757543347347465, 33.053570382762544], [20.60574445033887, 24.433504705783285, 27.356680384979292, 31.02968497705665, 34.23131887935913], [21.585883116693665, 25.00296678683887, 28.309047997346394, 31.654693810127483, 35.13254023691115], [21.9432488269642, 25.72035282245631, 28.923920245036037, 32.02300967980339, 35.30688645376242], [22.837936237489696, 26.106818098015424, 29.45286184718728, 32.803724359952156, 36.06719277759423], [23.065328693254187, 26.796289390361512, 29.771118814626607, 32.9442464055689, 36.56553487780375], [23.869771542677473, 26.953167387449668, 30.26179926486807, 33.615436401026074, 37.050427154348625], [24.178061102686527, 26.706302030820822, 30.66509660593031, 34.09503222615437, 37.383463447421455], [24.142814441784505, 27.195960826825967, 31.110942578953512, 34.000833094632135, 37.43919478809168], [24.41207689943669, 27.50243769448849, 31.29761822508143, 34.77691894945483, 38.12060759210433], [24.86022768671928, 27.98844210313113, 31.12960569278856, 34.35711843006736, 37.93100340654757], [25.284311277731067, 28.36243416608166, 31.6474363867742, 35.198610597199185, 38.43606414013509], [24.900382976361705, 28.373665170234318, 31.68054938489723, 35.28205172171942, 38.40384021611318], [25.426514371923403, 29.033371222014743, 31.847539148320834, 35.52860069628732, 38.63254522394352], [25.481295643813425, 29.013148341877137, 31.896471846767767, 35.48989601826511, 39.02817762107517], [25.63756603846191, 28.874960623137603, 32.24880080666743, 35.89685009127062, 39.55261960938766], [26.05122085029947, 29.297206160722382, 32.866925677630874, 36.15563600776231, 39.5666074060242], [26.158656912102007, 29.3160750622541, 32.35483175976878, 35.8806591364026, 39.37853602690036], [26.44193218396116, 29.47178305462609, 33.060055032560015, 36.01265097034186, 39.64855503967923], [26.220046809699177, 29.782988363904927, 33.204789189675154, 36.322256474238934, 39.72332845741923]], "ktrotter": [[27.68269760812399, 29.343387435008392, 31.004193693713056, 32.66504226632057, 34.32600656426948], [28.52138573698639, 30.18240030203831, 31.8432333220916, 33.50420110217632, 35.16515336575363], [29.124482166432777, 30.785493177485407, 32.44641026132014, 34.10733747027342, 35.768295954554546], [29.59590952252923, 31.256579077263996, 32.91753176729018, 34.5784950811265, 36.23945986217754], [29.982572815228906, 31.643289223565755, 33.304237727308674, 34.965189574050946, 36.626154124067966], [30.31045354564631, 31.97127131604536, 33.63219526388504, 35.293155205525395, 36.95411403930791], [30.59514477560388, 32.25597440185346, 33.91693899809136, 35.57789040064717, 37.23885179248487], [30.84669119207607, 32.50758332419266, 34.1685229005988, 35.82948093821208, 37.49044296299843], [31.071995116298677, 32.732926436050434, 34.39388198681267, 36.05484583997764, 37.71580595919791], [31.27615396379607, 32.937014342369416, 34.597974702433106, 36.25893489274736, 37.919899218641206], [31.462538171304555, 33.123521198124244, 34.78446626619191, 36.44542940414845, 38.10639121635077], [31.634290614257086, 33.295201968211536, 34.95615356631217, 36.61711534855269, 38.27807886929813], [31.793348919182783, 33.45425956079005, 35.11521867166988, 36.77617711289785, 38.43714093218745], [31.94149634443046, 33.60241734077281, 35.26338683338925, 36.92434543566017, 38.58530815910536], [32.0801480863458, 33.74109447532547, 35.40205568534896, 37.063013928318995, 38.723977631414286], [32.21044772404683, 33.87141722805274, 35.53236957700038, 37.193331505846594, 38.85429392671449], [32.333391091799506, 33.994330370766, 35.655279061907486, 37.31624215163303, 38.97720658357563], [32.44969260439448, 34.11063559611064, 35.77158368221987, 37.432548640549314, 39.09351124828518], [32.56005981564933, 34.2210046641098, 35.88195851846708, 37.54291881700351, 39.20388318424065], [32.66504226632057, 34.32600656426948, 35.98697036120793, 37.64793465915684, 39.30889754513015]]}