{"First Order Trotter": {"cx": 11768, "s": 29420, "sdg": 29420, "h": 14710, "tdg": 0, "t": 0}, "qDRIFT": {"h": 33909.0, "t": 20425.500000000004, "tdg": 20425.500000000004, "cx": 2136.0, "s": 534.0, "sdg": 534.0}, "Truncated Taylor Series": {"s": 2160.339384176728, "h": 17522.752782766795, "tdg": 9661.517801457032, "t": 9241.451810089337, "cx": 960.1508374118793, "sdg": 720.1131280589093}}