{"First Order Trotter": {"cx": 11768, "s": 29420, "sdg": 29420, "h": 14710, "tdg": 0, "t": 0}, "qDRIFT": {"h": 195660.99999999994, "t": 102154.49999999997, "tdg": 102154.49999999997, "cx": 8648.0, "s": 2162.0, "sdg": 2162.0}, "Truncated Taylor Series": {"s": 2160.339384176728, "h": 17522.752782766795, "tdg": 9661.517801457032, "t": 9241.451810089337, "cx": 960.1508374118793, "sdg": 720.1131280589093}}