{"First Order Trotter": {"cx": 11768, "h": 323620, "tdg": 250070, "t": 198585}, "qDRIFT": {"h": 188094.00000000006, "t": 100532.99999999999, "tdg": 104316.5, "cx": 8648.0}, "Truncated Taylor Series": {"h": 56048.805133918446, "t": 36845.788385680855, "tdg": 32225.0624806362, "cx": 960.1508374118793}}