{"4": {"0.1": 0.9967754979712078, "0.31058470166320884": 0.9618277744576442, "0.5211694033264177": 0.8734391075694818, "0.7317541049896265": 0.759769916154476, "0.9423388066528353": 0.6667273186738436, "1.1529235083160443": 0.6025460402999019, "1.363508209979253": 0.5590243088344883, "1.574092911642462": 0.5285715864887024, "1.7846776133056708": 0.5064057622533685, "1.9952623149688795": 0.48967622458931714}}