{"4": {"0.1": 0.9346633789428175, "0.31058470166320884": 0.8850544398974812, "0.5211694033264177": 0.790105787934585, "0.7317541049896265": 0.6804706738418638, "0.9423388066528353": 0.5929189217395258, "1.1529235083160443": 0.5370865591904482, "1.363508209979253": 0.49861847534631804, "1.574092911642462": 0.47742075260673006, "1.7846776133056708": 0.4587138991865903, "1.9952623149688795": 0.4446616203840825}, "5": {"0.1": 0.9194728737482334, "0.31058470166320884": 0.8020292505819893, "0.5211694033264177": 0.8104445186831742, "0.7317541049896265": 0.6403853894267835, "0.9423388066528353": 0.5542401484131906, "1.1529235083160443": 0.5050746491193908, "1.363508209979253": 0.4896420360887558, "1.574092911642462": 0.44825866121044394, "1.7846776133056708": 0.44477006419305815, "1.9952623149688795": 0.4253537339867493}, "6": {"0.1": 0.9291250085666316, "0.31058470166320884": 0.8968266238430795, "0.5211694033264177": 0.8226724762812472, "0.7317541049896265": 0.6934637933280908, "0.9423388066528353": 0.5678211799157324, "1.1529235083160443": 0.48814796834295965, "1.363508209979253": 0.4454139303852109, "1.574092911642462": 0.4150555506746519, "1.7846776133056708": 0.39089385097361273, "1.9952623149688795": 0.3789579573392135}}