{"7": {"0.7943282347242815": 0.6125400920490389, "0.927765354751459": 0.5418468582430227, "1.0612024747786366": 0.4868100523112162, "1.1946395948058142": 0.45130108059215024, "1.3280767148329917": 0.426838879545005, "1.4615138348601693": 0.4135161723084062, "1.5949509548873468": 0.3972663830187478, "1.7283880749145244": 0.3845025701122725, "1.861825194941702": 0.3756177727202578, "1.9952623149688795": 0.3767626269608292}}