{"7": {"0.7943282347242815": 0.7354363144960832, "0.927765354751459": 0.6411695408194955, "1.0612024747786366": 0.5699199996601055, "1.1946395948058142": 0.5199061542030502, "1.3280767148329917": 0.4847065710027445, "1.4615138348601693": 0.4592091963058337, "1.5949509548873468": 0.4401121135043658, "1.7283880749145244": 0.4253594311862536, "1.861825194941702": 0.4136538930277541, "1.9952623149688795": 0.4041533910830467}}