{"4": {"0.1": 0.9346200164543195, "0.31058470166320884": 0.8854541362495971, "0.5211694033264177": 0.7902684855137525, "0.7317541049896265": 0.682066383046608, "0.9423388066528353": 0.5940091124608131, "1.1529235083160443": 0.5352184433702463, "1.363508209979253": 0.4990846641438809, "1.574092911642462": 0.48044447302080384, "1.7846776133056708": 0.45910365442378004, "1.9952623149688795": 0.44218910812768514}}