{"4": {"0.1": 0.9346834892296789, "0.31058470166320884": 0.8842230384793205, "0.5211694033264177": 0.7910954352893145, "0.7317541049896265": 0.6802953501136291, "0.9423388066528353": 0.5945101867257453, "1.1529235083160443": 0.5365958478130224, "1.363508209979253": 0.5001028448054535, "1.574092911642462": 0.4777911051558369, "1.7846776133056708": 0.45849294305353056, "1.9952623149688795": 0.4424558655960003}, "5": {"0.1": 0.9194506408745361, "0.31058470166320884": 0.7997601573123346, "0.5211694033264177": 0.810882032803474, "0.7317541049896265": 0.6393231295942465, "0.9423388066528353": 0.5540386672159238, "1.1529235083160443": 0.5031036226314863, "1.363508209979253": 0.4899914335339888, "1.574092911642462": 0.44899817568987865, "1.7846776133056708": 0.4443216511225425, "1.9952623149688795": 0.42556808609326596}, "6": {"0.1": 0.9293103962010403, "0.31058470166320884": 0.8961780541066251, "0.5211694033264177": 0.8222691307339006, "0.7317541049896265": 0.6941958705776197, "0.9423388066528353": 0.5685720411832156, "1.1529235083160443": 0.4887447417299836, "1.363508209979253": 0.4452806644216882, "1.574092911642462": 0.4166587939844237, "1.7846776133056708": 0.3901166729900366, "1.9952623149688795": 0.37751668483436823}}