{"4": {"0.1": 0.934331041665206, "0.31058470166320884": 0.8845722421367539, "0.5211694033264177": 0.7909657178652881, "0.7317541049896265": 0.6797934984168587, "0.9423388066528353": 0.593727166669576, "1.1529235083160443": 0.5363337300548782, "1.363508209979253": 0.5019272749513698, "1.574092911642462": 0.47772165761059526, "1.7846776133056708": 0.45873508413405994, "1.9952623149688795": 0.4401387324782538}}