{"4": {"0.1": 0.9346879175077445, "0.31058470166320884": 0.8849299915549022, "0.5211694033264177": 0.7902328512005676, "0.7317541049896265": 0.4649733540596099, "0.9423388066528353": 0.5953609960876524, "1.1529235083160443": 0.5383081879785263, "1.363508209979253": 0.5019352057804561, "1.574092911642462": 0.4773183170029, "1.7846776133056708": 0.45885100245752625, "1.9952623149688795": 0.4458466105009484}}