{"4": {"0.1": 0.9346655761363453, "0.31058470166320884": 0.8853263189070565, "0.5211694033264177": 0.7909439892063981, "0.7317541049896265": 0.4646480946392079, "0.9423388066528353": 0.5952649926303619, "1.1529235083160443": 0.5362250018529656, "1.363508209979253": 0.5012429509519452, "1.574092911642462": 0.47708153003941345, "1.7846776133056708": 0.4579107891237764, "1.9952623149688795": 0.44195068190653347}}