{"4": {"0.1": 0.9967754979712078, "0.31058470166320884": 0.9618277744576442, "0.5211694033264177": 0.8734391075694818, "0.7317541049896265": 0.759769916154476, "0.9423388066528353": 0.6667273186738436, "1.1529235083160443": 0.6025460402999019, "1.363508209979253": 0.5590243088344883, "1.574092911642462": 0.5285715864887024, "1.7846776133056708": 0.5064057622533685, "1.9952623149688795": 0.48967622458931714}, "5": {"0.1": 0.997222259216754, "0.31058470166320884": 0.969517595108698, "0.5211694033264177": 0.8927021419296781, "0.7317541049896265": 0.7703639126512463, "0.9423388066528353": 0.6611798882719924, "1.1529235083160443": 0.588303509266965, "1.363508209979253": 0.5417961825442925, "1.574092911642462": 0.5109345038622537, "1.7846776133056708": 0.4893658876250444, "1.9952623149688795": 0.4735770609911565}, "6": {"0.1": 0.9974819495896781, "0.31058470166320884": 0.9733987713332249, "0.5211694033264177": 0.9048678848427383, "0.7317541049896265": 0.7712934023598983, "0.9423388066528353": 0.6354350765856381, "1.1529235083160443": 0.5455774904747325, "1.363508209979253": 0.490926156494795, "1.574092911642462": 0.45609024316917984, "1.7846776133056708": 0.4324079137182738, "1.9952623149688795": 0.41538767858624737}}