{
    "inv_temp": 1000000,
    "qubits": 4,
    "h_val": -0.1,
    "eps": 0.1,
    "beta": 0.0,
    "gamma": 0.0,
    "times": [
        0.0,
        1.1111111111111112,
        2.2222222222222223,
        3.3333333333333335,
        4.444444444444445,
        5.555555555555555,
        6.666666666666667,
        7.777777777777779,
        8.88888888888889,
        10.0
    ],
    "results": {
        "1": {
            "taus": {
                "0.0": 0.0,
                "1.1111111111111112": 0.011111111111111112,
                "2.2222222222222223": 0.011280315848843769,
                "3.3333333333333335": 0.0075075075075075074,
                "4.444444444444445": 0.005625879043600563,
                "5.555555555555555": 0.0045020709526382135,
                "6.666666666666667": 0.003751641343087601,
                "7.777777777777779": 0.0032152863901520373,
                "8.88888888888889": 0.0028129395218002813,
                "10.0": 0.0025
            },
            "interaction": [
                0.5,
                0.828106,
                0.9391665,
                0.9779935,
                0.9900070000000001,
                0.9946379999999998,
                0.9963239999999999,
                0.9966710000000001,
                0.9969095,
                0.9969874999999999
            ],
            "lindbladian": [
                0.5,
                0.8277570000000001,
                0.9389225,
                0.977909,
                0.9899775,
                0.994628,
                0.9963205,
                0.9966690000000001,
                0.996908,
                0.996987
            ]
        },
        "0.5": {
            "taus": {
                "0.0": 0.0,
                "1.1111111111111112": 0.011111111111111112,
                "2.2222222222222223": 0.011280315848843769,
                "3.3333333333333335": 0.0075075075075075074,
                "4.444444444444445": 0.005625879043600563,
                "5.555555555555555": 0.0045020709526382135,
                "6.666666666666667": 0.003751641343087601,
                "7.777777777777779": 0.0032152863901520373,
                "8.88888888888889": 0.0028129395218002813,
                "10.0": 0.0025
            },
            "interaction": [
                0.5,
                0.703319,
                0.8225369999999999,
                0.8940005,
                0.9334049999999999,
                0.9589925,
                0.9744835,
                0.9827465,
                0.9886445,
                0.9920364999999999
            ],
            "lindbladian": [
                0.5,
                0.703167,
                0.822348,
                0.8938885,
                0.933336,
                0.9589505,
                0.9744585,
                0.9827299999999999,
                0.9886349999999999,
                0.9920315
            ]
        },
        "0.1": {
            "taus": {
                "0.0": 0.0,
                "1.1111111111111112": 0.011111111111111112,
                "2.2222222222222223": 0.011280315848843769,
                "3.3333333333333335": 0.0075075075075075074,
                "4.444444444444445": 0.005625879043600563,
                "5.555555555555555": 0.0045020709526382135,
                "6.666666666666667": 0.003751641343087601,
                "7.777777777777779": 0.0032152863901520373,
                "8.88888888888889": 0.0028129395218002813,
                "10.0": 0.0025
            },
            "interaction": [
                0.5,
                0.540226,
                0.575731,
                0.6045805,
                0.620247,
                0.6418029999999999,
                0.6610275,
                0.6771505,
                0.6994695,
                0.7203355
            ],
            "lindbladian": [
                0.5,
                0.5402165,
                0.5757075,
                0.6045595,
                0.620225,
                0.6417805,
                0.661008,
                0.6771305000000001,
                0.699452,
                0.7203185000000001
            ]
        },
        "0.8": {
            "taus": {
                "0.0": 0.0,
                "1.1111111111111112": 0.011111111111111112,
                "2.2222222222222223": 0.011280315848843769,
                "3.3333333333333335": 0.0075075075075075074,
                "4.444444444444445": 0.005625879043600563,
                "5.555555555555555": 0.0045020709526382135,
                "6.666666666666667": 0.003751641343087601,
                "7.777777777777779": 0.0032152863901520373,
                "8.88888888888889": 0.0028129395218002813,
                "10.0": 0.0025
            },
            "interaction": [
                0.5,
                0.7862359999999999,
                0.9070119999999999,
                0.9594714999999999,
                0.9801095,
                0.9898069999999999,
                0.9941034999999999,
                0.995513,
                0.9963865,
                0.9967450000000001
            ],
            "lindbladian": [
                0.5,
                0.785958,
                0.9067675000000001,
                0.9593675,
                0.9800625000000001,
                0.989787,
                0.994094,
                0.9955095000000002,
                0.9963845000000001,
                0.9967435
            ]
        },
        "10.0": {
            "taus": {
                "0.0": 0.0,
                "1.1111111111111112": 0.011111111111111112,
                "2.2222222222222223": 0.011280315848843769,
                "3.3333333333333335": 0.0075075075075075074,
                "4.444444444444445": 0.005625879043600563,
                "5.555555555555555": 0.0045020709526382135,
                "6.666666666666667": 0.003751641343087601,
                "7.777777777777779": 0.0032152863901520373,
                "8.88888888888889": 0.0028129395218002813,
                "10.0": 0.0025
            },
            "interaction": [
                0.5,
                0.9994164999999999,
                0.9994270000000001,
                0.9994215000000001,
                0.9994195000000001,
                0.9994179999999999,
                0.9994169999999999,
                0.9994155,
                0.9994145,
                0.9994145000000001
            ],
            "lindbladian": [
                0.5,
                0.9993989999999999,
                0.9994119999999999,
                0.9994119999999999,
                0.9994119999999999,
                0.9994119999999999,
                0.9994119999999999,
                0.9994119999999999,
                0.9994119999999999,
                0.9994119999999999
            ]
        }
    }
}