{
    "inv_temp": 1000000,
    "qubits": 6,
    "h_val": -0.1,
    "eps": 0.1,
    "beta": 0.0,
    "gamma": 0.0,
    "times": [
        0.0,
        0.5263157894736842,
        1.0526315789473684,
        1.5789473684210527,
        2.1052631578947367,
        2.631578947368421,
        3.1578947368421053,
        3.6842105263157894,
        4.2105263157894735,
        4.7368421052631575,
        5.263157894736842,
        5.789473684210526,
        6.315789473684211,
        6.842105263157895,
        7.368421052631579,
        7.894736842105263,
        8.421052631578947,
        8.947368421052632,
        9.473684210526315,
        10.0
    ],
    "results": {
        "1": {
            "taus": {
                "0.0": 0.0,
                "0.5263157894736842": 0.005263157894736842,
                "1.0526315789473684": 0.010526315789473684,
                "1.5789473684210527": 0.015789473684210527,
                "2.1052631578947367": 0.011894142134998512,
                "2.631578947368421": 0.009500285008550255,
                "3.1578947368421053": 0.007934408886537953,
                "3.6842105263157894": 0.006797436395416585,
                "4.2105263157894735": 0.005938683097023235,
                "4.7368421052631575": 0.005280760429501848,
                "5.263157894736842": 0.0047501425042751275,
                "5.789473684210526": 0.00432050274941084,
                "6.315789473684211": 0.003959742616729912,
                "6.842105263157895": 0.003654970760233918,
                "7.368421052631579": 0.003394021673252685,
                "7.894736842105263": 0.003166761669516752,
                "8.421052631578947": 0.0029693415485116175,
                "8.947368421052632": 0.0027943061902100663,
                "9.473684210526315": 0.002638909250842985,
                "10.0": 0.0025
            },
            "interaction": [
                0.6666666666666666,
                0.8003423333333332,
                0.8772863333333332,
                0.9246313333333332,
                0.9538346666666666,
                0.9715459999999999,
                0.98224,
                0.9881266666666664,
                0.9914126666666666,
                0.9937276666666665,
                0.9953209999999999,
                0.9963156666666666,
                0.9969043333333332,
                0.9971403333333333,
                0.9972386666666665,
                0.9973583333333331,
                0.9974656666666666,
                0.9975369999999998,
                0.9975719999999998,
                0.9975706666666664
            ],
            "lindbladian": [
                0.6666666666666666,
                0.8002516666666666,
                0.877065,
                0.9243279999999999,
                0.9536516666666666,
                0.971435,
                0.9821753333333332,
                0.988084333333333,
                0.9913866666666665,
                0.9937139999999998,
                0.9953119999999998,
                0.9963093333333334,
                0.9969006666666665,
                0.9971379999999999,
                0.9972366666666664,
                0.9973573333333331,
                0.9974643333333333,
                0.9975366666666665,
                0.9975713333333331,
                0.9975706666666665
            ]
        },
        "0.5": {
            "taus": {
                "0.0": 0.0,
                "0.5263157894736842": 0.005263157894736842,
                "1.0526315789473684": 0.010526315789473684,
                "1.5789473684210527": 0.015789473684210527,
                "2.1052631578947367": 0.011894142134998512,
                "2.631578947368421": 0.009500285008550255,
                "3.1578947368421053": 0.007934408886537953,
                "3.6842105263157894": 0.006797436395416585,
                "4.2105263157894735": 0.005938683097023235,
                "4.7368421052631575": 0.005280760429501848,
                "5.263157894736842": 0.0047501425042751275,
                "5.789473684210526": 0.00432050274941084,
                "6.315789473684211": 0.003959742616729912,
                "6.842105263157895": 0.003654970760233918,
                "7.368421052631579": 0.003394021673252685,
                "7.894736842105263": 0.003166761669516752,
                "8.421052631578947": 0.0029693415485116175,
                "8.947368421052632": 0.0027943061902100663,
                "9.473684210526315": 0.002638909250842985,
                "10.0": 0.0025
            },
            "interaction": [
                0.6666666666666666,
                0.7406709999999999,
                0.794273,
                0.8367316666666664,
                0.8711879999999999,
                0.898474,
                0.9194579999999999,
                0.9346529999999998,
                0.9460893333333331,
                0.9560050000000001,
                0.9646773333333333,
                0.9718486666666665,
                0.9773459999999998,
                0.9811316666666666,
                0.9839723333333332,
                0.9865703333333332,
                0.9889333333333333,
                0.9909349999999999,
                0.9924083333333332,
                0.9933209999999999
            ],
            "lindbladian": [
                0.6666666666666666,
                0.740641,
                0.7941816666666666,
                0.8365669999999998,
                0.8710556666666666,
                0.8983706666666667,
                0.9193766666666665,
                0.9345889999999999,
                0.9460373333333332,
                0.955963,
                0.9646419999999999,
                0.9718213333333333,
                0.9773249999999999,
                0.9811143333333333,
                0.9839583333333332,
                0.9865600000000001,
                0.9889243333333331,
                0.9909283333333332,
                0.992402,
                0.993317333333333
            ]
        },
        "0.1": {
            "taus": {
                "0.0": 0.0,
                "0.5263157894736842": 0.005263157894736842,
                "1.0526315789473684": 0.010526315789473684,
                "1.5789473684210527": 0.015789473684210527,
                "2.1052631578947367": 0.011894142134998512,
                "2.631578947368421": 0.009500285008550255,
                "3.1578947368421053": 0.007934408886537953,
                "3.6842105263157894": 0.006797436395416585,
                "4.2105263157894735": 0.005938683097023235,
                "4.7368421052631575": 0.005280760429501848,
                "5.263157894736842": 0.0047501425042751275,
                "5.789473684210526": 0.00432050274941084,
                "6.315789473684211": 0.003959742616729912,
                "6.842105263157895": 0.003654970760233918,
                "7.368421052631579": 0.003394021673252685,
                "7.894736842105263": 0.003166761669516752,
                "8.421052631578947": 0.0029693415485116175,
                "8.947368421052632": 0.0027943061902100663,
                "9.473684210526315": 0.002638909250842985,
                "10.0": 0.0025
            },
            "interaction": [
                0.6666666666666666,
                0.6803106666666666,
                0.6884463333333333,
                0.6953216666666667,
                0.7026659999999999,
                0.7092529999999999,
                0.7129129999999999,
                0.7127173333333334,
                0.710975,
                0.7106673333333333,
                0.7124483333333334,
                0.7154893333333334,
                0.7177629999999999,
                0.7181993333333333,
                0.7188626666666665,
                0.721365,
                0.7255946666666666,
                0.7312313333333333,
                0.7365083333333331,
                0.7404426666666665
            ],