{
    "L": 20,
    "m": 10,
    "O_norm": 9.0,
    "H_norm": 1.0,
    "Gamma": 24.0,
    "beta_max": 1.0,
    "alpha_commutator_1st": 1.1114244518026801,
    "alpha_commutator_2nd": 2.3818703023137573,
    "alpha_commutator_2k": 1.0,
    "epsilon_values": [
        0.1,
        0.027825594022071243,
        0.007742636826811269,
        0.002154434690031882,
        0.0005994842503189409,
        0.0001668100537200059,
        4.641588833612772e-05,
        1.2915496650148827e-05,
        3.5938136638046257e-06,
        1e-06
    ],
    "hash": "8c90faafdc18b99b982336aaddbd852f"
}