{"taylor": [[22.17934724970781, 22.34062815674087, 22.526494702052204], [24.31699201336592, 24.617609602007867, 24.225292179229108], [25.739824688152737, 25.63935881642477, 25.49956953295578], [26.093206297238087, 26.61418817205742, 26.443832708120226], [27.12086219779829, 27.027164675570504, 26.899309529128676], [27.578979389655043, 27.628329306037738, 27.33484518916453], [27.96748824520338, 28.06059764959486, 27.8999814258451], [28.266656221097698, 28.165452450767923, 28.076717693560422], [28.7548898462214, 28.736342547087688, 28.300713953035597], [28.487207320874376, 28.77511361062752, 29.190951495525166]], "trotter": [[35.092039471301554, 41.735875919513575, 48.379732022255006], [37.09202355070755, 43.735875866444495, 50.379732022255006], [38.261945603872434, 44.90580085019711, 51.54965702322559], [39.09202089725814, 45.73587583990995, 52.37973202185699], [39.73587613178988, 46.379732024377766, 53.02358821152026], [40.261945014216224, 46.905800838403984, 53.54965702322559], [40.706729820787714, 47.35058567698538, 53.99444186589367], [41.092019902213345, 47.73587583327632, 54.37973202175748], [41.43186981910642, 48.07572583591525, 54.719582024641696], [41.735875919513575, 48.379732022255006, 55.02358821152026]], "qdrift": [[23.455125507302753, 30.058901263579585, 36.66410652267485], [25.383114644300296, 31.926780419502126, 38.753157721104316], [26.690180359775727, 33.046851477415125, 39.81909526324548], [26.963156397346328, 34.15184715200928, 40.7262385964073], [28.097821008402875, 34.68954677356523, 41.38809656228886], [28.60196496832105, 34.758836018017895, 41.61725665433098], [29.01521367606031, 35.71637130753943, 42.25154344732449], [29.123052892949012, 35.852855934726215, 42.804309206859166], [29.725669136613817, 35.92328588939405, 42.9628513330605], [29.753969319526497, 36.35662734016625, 42.96836598036454]], "ktrotter": [[28.21448200986571, 31.534911719601013, 34.85658993226018], [29.713748595510715, 33.034793497814086, 36.35658023169985], [30.590303112748273, 33.91213502476011, 37.23401502580495], [31.213233463668452, 34.534661837372816, 37.85656494165674], [31.69598119064281, 35.01755169597799, 38.33945743857518], [32.090425290655766, 35.41208134574769, 38.73400944063505], [32.42380044960811, 35.745674570607406, 39.0675972679949], [32.712865402926724, 36.03463888350842, 39.35656476949994], [32.96770454353407, 36.28954008380771, 39.61145336940584], [33.195639403653715, 36.517535887873976, 39.83945766054481]]}