{"taylor": [[13.591054774036781, 13.650603022215309, 13.584022940257542], [15.648357582009666, 15.69479315499995, 15.661778097771988], [16.703741390875678, 16.781871943262292, 16.855987751337725], [17.648357582009666, 17.690434556395054, 17.602698865017963], [18.248872637686087, 18.274123314801493, 18.31672346620852], [18.816033642948415, 18.758639637024576, 18.83614900424549], [19.26081848562131, 19.272028293696497, 19.294189943620655], [19.609640474436812, 19.63254087654689, 19.6640027628865], [20.03028455927968, 20.00162810065661, 19.880946618234148], [20.260405033553713, 20.3211353810869, 20.232570825356987]], "trotter": [[14.084310133597755, 20.72668549308557, 27.370526866878876], [16.083188432071076, 22.726674268871196, 29.370526754636014], [17.2529056152677, 23.89659719174571, 30.54045173529261], [18.082907870366455, 24.726671462803957, 31.370526726575296], [18.726730389069832, 25.370527315850246, 32.01438291298273], [19.25278090994952, 25.89659594460359, 32.54045172282118], [19.697554723742133, 26.341380676984954, 32.98523656439116], [20.082837721414318, 26.726670761286297, 33.37052671956012], [20.42268281663142, 27.06652071509354, 33.71037672195397], [20.72668549308557, 27.370526866878876, 34.01438290849302]], "qdrift": [[11.103287808412022, 17.720671786825555, 24.36452797660028], [13.228818690495881, 19.693704739225286, 26.282065816408306], [14.469133019829592, 21.01835233546624, 27.58692039793673], [15.276124405274238, 21.872674880270605, 28.563836784823685], [15.4893462407191, 22.416995396494414, 28.897352853986263], [16.374496145691516, 22.91706899962906, 29.560925189403783], [16.890834249389446, 23.51123146634018, 30.005710032076678], [17.022367813028456, 23.823765279789658, 30.33756092900001], [17.389698552335187, 24.112989209604315, 30.78238049148618], [17.720671786825555, 24.632008287465265, 30.95393638235263]], "ktrotter": [[12.319672120946995, 15.636511339161556, 18.957725556729986], [13.817383427897232, 17.136069914787914, 20.45767344791695], [14.69152544116604, 18.01325723765989, 21.335087173333683], [15.314583244274194, 18.635746457086086, 21.95764904891896], [15.797458885915104, 19.118657241261925, 22.44053059080093], [16.19159904430068, 19.513180128954048, 22.83508740057291], [16.525276097867124, 19.846763607916465, 23.16867517825469], [16.814231962987893, 20.135754369620003, 23.45764188940672], [17.068904206064826, 20.390605622494515, 23.712526160819866], [17.29695204444691, 20.618622088975247, 23.940530828224862]]}