{"taylor": [[16.523071826940395, 16.5427900615549, 16.473705749619416, 16.43905168059173, 16.443720600656576], [17.555547771647063, 17.688250309133178, 17.735556023911535, 17.588714635582264, 17.557942286787448], [18.41889026504997, 18.475559288989025, 18.35294000232507, 18.38742837871036, 18.33891044242101], [19.052016066821803, 19.076450285131997, 19.1155618833175, 19.018015395586474, 19.076450285131997], [19.494855584491198, 19.562600191127032, 19.580140772436167, 19.494855584491198, 19.480916393533324], [20.01933010239007, 20.03028455927968, 20.017129194196798, 19.972390879431515, 20.003852765771125], [20.346548359647194, 20.323864008011004, 20.377718909453268, 20.31698856192008, 20.35328469114307], [20.723857557932504, 20.708356464392317, 20.71058112950683, 20.674568150936032, 20.79477121620979], [20.994486031412592, 21.04049842916943, 20.967518983812322, 20.996710696527106, 20.907301460978218], [21.22895957180461, 21.294189943620655, 21.267554817117187, 21.27425984099508, 21.280933846918387], [21.536588722386583, 21.505175769755123, 21.459079355165667, 21.470742272691247, 21.529914716463274], [21.78113875831121, 21.707367558383282, 21.763598177002077, 21.754747259419812, 21.72333430678835], [21.971431288078747, 21.877284133523194, 21.949028741026606, 21.960273498194226, 21.984707716504424], [22.216526813712726, 22.11240387066616, 22.105495501323983, 22.09390752704877, 22.114699328653824], [22.334858109192883, 22.35050329006972, 22.32357818432688, 22.26817188576136, 22.37693508357827], [22.514151547352256, 22.52524072601406, 22.542808005975324, 22.54498895127485, 22.478082292644732], [22.638361667363828, 22.574962099183384, 22.652079948611608, 22.74034569965406, 22.64294893685948], [22.816033642948415, 22.73978060977326, 22.786473845221302, 22.770302554550156, 22.903364084341746], [22.983706192659348, 22.99920728619954, 22.95673914505908, 22.95673914505908, 23.040460970956584], [23.130589100605746, 23.126136334599114, 23.19790536874431, 22.993085576855812, 23.085430639485896]], "trotter": [[18.342977459216428, 21.66482224319305, 24.98673159246247, 28.30865781277464, 31.63058572020435], [19.461767190206544, 22.78365692268688, 26.105585017574246, 29.4275124411104, 32.74944051681629], [20.265926317427635, 23.587854412314996, 26.90978140871712, 30.231709338831624, 33.55363740625684], [20.894154607681056, 24.21607204222085, 27.537998715722583, 30.85992649079799, 34.18185458568535], [21.409747256370864, 24.731667894294514, 28.05359400065171, 31.375522020969136, 34.69745010094251], [21.84702063208996, 25.16894689125273, 28.490874618994894, 31.812802585381412, 35.13473067292587], [22.226675599075104, 25.548596639063746, 28.870523605164113, 32.19245170005148, 35.51437979070589], [22.562130603865807, 25.884050871003712, 29.205978518589824, 32.52790659111212, 35.84983468264472], [22.8626131445629, 26.184535791470182, 29.5064637955577, 32.82839186320511, 36.15031995355248], [23.134732130491898, 26.45665947346629, 29.778586891631644, 33.1005149639616, 36.42244305208174], [23.38339000165636, 26.705315565064552, 30.027243153655547, 33.349171229556795, 36.671099322545544], [23.612306994491217, 26.934232929330488, 30.25616059220784, 33.57808868169508, 36.90001677172233], [23.824388551076837, 27.146316179777088, 30.46824390171465, 33.79017195464515, 37.112100046269205], [24.02194644163032, 27.343872097353913, 30.665800192241274, 33.98772826273698, 37.309656355185176], [24.2068390932627, 27.528764684754226, 30.850692672353098, 34.172620760087895, 37.49454885282949], [24.380593174744842, 27.702519684388047, 31.02444758904599, 34.34637566173992, 37.66830375409089], [24.54447491889887, 27.86640273078219, 31.188330797369144, 34.510258886596425, 37.832186981200785], [24.69954873168965, 28.021476064090617, 31.34340400648065, 34.6653320886599, 37.98726018202229], [24.84671082049887, 28.16863822684194, 31.490566275826335, 34.81249435235251, 38.134422446780846], [24.98673159246247, 28.30865781277464, 31.63058572020435, 34.95251379634595, 38.274441889358734]], "qdrift": [[14.011926066306808, 17.43260714380448, 20.708506341576648, 23.932587113065864, 27.3989051172884], [15.252665432450248, 18.596961340366065, 21.82735355963976, 25.262943166152457, 28.423123028933627], [15.986019773064076, 19.236817708338187, 22.788281823886575, 25.723186795664688, 29.367044610644133], [16.70711643345008, 19.937764604456856, 23.21166851123992, 26.605162134319063, 29.805783932984294], [17.349419464341047, 20.476900431185125, 23.79882852607249, 27.04920335993482, 30.5970139654971], [17.766813568470276, 21.047374239915555, 24.281911920729364, 27.581121749749475, 30.92577010220008], [17.798864114634075, 21.270309015947586, 24.68393021399464, 28.11277420864651, 31.18806226636596], [18.211127820625656, 21.507964934550188, 24.95121035539612, 28.20158904964628, 31.57161148788301], [18.740755786633155, 21.906271875755547, 24.912212779129025, 28.5263216255097, 31.696246940407082], [18.783535435001127, 22.292062078583463, 25.42760671494272, 28.935948304878387, 32.09612558934128], [19.151581467967546, 22.47363441206453, 25.573170085615445, 29.022853727701182, 32.2950288186024], [19.490741216721393, 22.76965385419569, 26.04719848238438, 29.41352202820714, 32.59794683902828], [19.744682760670464, 22.770240843750436, 26.117262218677762, 29.46385443696568, 32.71049445053024], [19.81297947125148, 23.222370407389185, 26.60658679023916, 29.756047488636607, 33.12306365348915], [19.805063670518454, 23.428320042528146, 26.36965119001301, 29.79655025546027, 33.49504170181184], [20.054132626427496, 23.581021241819222, 26.74622383301913, 29.809840401387532, 33.52543243857564], [20.312670278193842, 23.63471003246293, 26.979369369313254, 30.30129830160685, 33.55396380384093], [20.44467117521221, 23.6951462885012, 27.1568104280545, 30.18429191654009, 33.800667482702195], [20.591840063296438, 23.959673721448883, 27.30397302502921, 30.486176809004625, 33.96985605312065], [20.822163123372214, 24.07697702240104, 27.27960618891606, 30.720833212175766, 34.01967769395009]],