{"taylor": [[14.496853777388042, 14.579315937580015, 14.513727595952437], [16.44759985827995, 16.498225931349918, 16.547135531830865], [17.768907972478402, 17.640583875502863, 17.690052551767163], [18.533048308749102, 18.580876833839717, 18.466705813920406], [19.232645768607355, 19.136430453348055, 19.136430453348055], [19.673750739438063, 19.70617221713044, 19.768907972478402], [20.04762452428924, 20.098250597359208, 20.194465912618508], [20.49074904985632, 20.539658650337262, 20.422844985354516], [20.843675740880375, 20.843675740880375, 20.843675740880375], [21.17747793605603, 21.11188959442845, 21.209186795783367]], "trotter": [[15.358101707440847, 22.477042780164354, 29.121832786748122], [17.817533326078145, 24.477042780164354, 31.12187168266784], [19.001957897215572, 25.64754428312918, 32.29179236239308], [19.817533326078145, 26.478015492893118, 33.12186844138125], [20.466626164219015, 27.121729059168477, 33.76572631662591], [21.001957897215572, 27.647832447524603, 34.291795243539234], [21.445564548691188, 28.092705492282352, 34.73658073299925], [21.833835138407245, 28.478015492893118, 35.121870872346875], [22.171882898657884, 28.81785349097613, 35.461721205362316], [22.477042780164354, 29.121832786748122, 35.7657273538372]], "qdrift": [[15.60877459762325, 22.17545087070981, 28.70250655321529], [17.48186248514103, 24.17545087070981, 30.85102907792538], [18.73301532168596, 25.262925895032325, 31.989245280555416], [19.56316647401077, 26.207170009911078, 32.81932028672748], [20.206995248892415, 26.835261762067063, 33.34636280877828], [20.61899660528127, 27.377096914951636, 34.051981051132145], [21.09735576399767, 27.806114566082748, 34.41791047526934], [21.499121804774383, 28.093001559848805, 34.835261847728866], [21.855314865817697, 28.499194068137662, 35.14305063693947], [22.159331205346533, 28.70250655321529, 35.41426688972715]], "ktrotter": [[14.435279586644082, 17.66629336147442, 21.044804984728152], [15.344365266587058, 19.151720188644664, 22.553818632216007], [16.344365266587058, 20.099252768750528, 23.42651430794093], [17.344365266587058, 20.701917271205144, 24.051724398667943], [17.66629336147442, 21.20234626171463, 24.536658081057826], [18.151720188644664, 21.592292780030643, 24.931205054548887], [18.51429026802937, 21.929327767308216, 25.26471812200214], [18.803796885224354, 22.2270083159489, 25.553818632216007], [19.151720188644664, 22.48391661898585, 25.80788963985824], [19.344365266587058, 22.710687480832874, 26.036108785758334]]}