{"taylor": [[12.467605550082997, 12.562242424221072, 12.562242424221072], [14.454299293619899, 14.454299293619899, 14.356451970221755], [15.55860008230359, 15.582847628550267, 15.784481489719917], [16.353836022014743, 16.42659236445006, 16.353836022014743], [17.087338522787476, 16.805567554372097, 17.199231402858373], [17.631915952027885, 17.67700384155642, 17.327061370499464], [17.851602656652005, 18.16280434494631, 18.225998171433503], [18.433976574415976, 18.457060187529017, 18.123636453803826], [18.650673135939275, 18.599142835299194, 18.46163931154926], [19.12023787734196, 18.927592799399562, 18.90159759086662]], "trotter": [[17.329743791552783, 23.97327047009227, 30.61712336437455], [19.329494168740343, 25.973267973507774, 32.61712333940867], [20.499372938995773, 27.14319251261915, 33.78704833622767], [21.329431756288045, 27.973267349360977, 34.6171233331672], [21.973280456387048, 28.617123464238066, 35.26097952219295], [22.499345199572517, 29.143192235220518, 35.78704833345368], [22.944127589073467, 29.58797705336156, 36.23183317588126], [23.329416152753083, 29.973267193324237, 36.617123331606834], [23.669265064026064, 30.313117185292707, 36.9569733343823], [23.97327047009227, 30.61712336437455, 37.26097952119431]], "qdrift": [[13.413627929024173, 20.0134535360534, 26.81650832067738], [15.52552080909507, 22.172652130902655, 28.70461544060648], [16.80110205714629, 23.057847655411855, 29.98643332211969], [17.43978219609718, 23.939452954609624, 30.633062179581447], [18.10656294044488, 24.75041913021961, 31.5235583369393], [18.304966218518388, 25.183378537495713, 31.75323414582666], [18.63173836726737, 25.44919323912329, 32.295866311897704], [19.26985719465487, 26.150957059803336, 32.68115646778249], [19.70940696072974, 26.49080706268796, 32.923159147268976], [19.887922653969543, 26.633062179581447, 33.175635033518994]], "ktrotter": [[10.948367231584678, 14.247927513443585, 17.56703508926857], [12.437752072323603, 15.745779350394704, 19.067108692403213], [13.303209948944776, 16.62296694479051, 19.944569092835906], [13.92740761294903, 17.245106994381207, 20.56703508926857], [14.407798850221974, 17.728212834379956, 21.04993892772108], [14.802516365121223, 18.12290886109736, 21.444491220861234], [15.136670762341845, 18.456161871783372, 21.778089966670738], [15.425347051432823, 18.745280406920635, 22.067033830817905], [15.678380065109117, 19.00009905860603, 22.32192259143204], [15.90613899619538, 19.228067091082742, 22.54994161956574]]}