{"taylor": [[14.752380646552893, 14.7714894695006, 14.863411958941638], [16.738883919775102, 16.738883919775102, 16.904469985493076], [17.887173007269958, 17.94450618233591, 17.94450618233591], [18.81750834412954, 18.761655109396024, 18.888767027299362], [19.29695204444691, 19.35665829057118, 19.37602361543811], [19.88739318201909, 19.78646427316831, 20.017789819274764], [20.456193964122093, 20.364271474681054, 20.26609108074215], [20.714768721765186, 20.80909610431334, 20.75324286957982], [21.18023455359629, 21.18023455359629, 21.162312645599027], [21.57370820077257, 21.451224194247576, 21.317368447512784]], "trotter": [[14.550746785383243, 21.28771237954945, 27.931568569324174], [16.550746785383243, 23.28771237954945, 29.931568569324174], [17.77313920671969, 24.457637380991763, 31.101493570766486], [18.638209626633582, 25.28771237954945, 31.931568569324174], [19.28771237954945, 25.931568569324174, 32.5754247590989], [19.811274335606463, 26.457637380991763, 33.101493570766486], [20.251186503524334, 26.902422223664658, 33.54627841343938], [20.638209626633582, 27.28771237954945, 33.93156856932418], [20.98259257234864, 27.627562382434075, 34.2714185722088], [21.28771237954945, 27.931568569324174, 34.5754247590989]], "qdrift": [[15.78125724574942, 22.330534526042783, 29.17688357971625], [17.800634525565144, 24.31063496860508, 31.032493670381076], [18.933454381385257, 25.46038208810976, 32.23989337724205], [19.763640318082942, 26.249234423940933, 32.99401952256644], [20.5669347851172, 27.01338484743337, 33.53694680349039], [20.895597469326233, 27.558562482048664, 34.18330984887568], [21.37832978644462, 28.05920055945508, 34.64720351449628], [21.78225599625029, 28.46263806205013, 34.913849173882454], [22.084618967677514, 28.747346510742293, 35.4819681644402], [22.350163332791716, 28.99401952256644, 35.71382456557446]], "ktrotter": [[12.734709620225837, 15.600145216358667, 19.154734068036305], [13.600145216358667, 17.30058493449976, 20.66623440681644], [14.600145216358667, 18.185107717079823, 21.548512447943345], [15.185107717079823, 18.848072729802254, 22.17379240385199], [15.92207331124603, 19.328065670921866, 22.655427651859856], [16.40750013841627, 19.729428233303633, 23.051356328190998], [16.60014521635867, 20.059576834995966, 23.38478006191619], [16.92207331124603, 20.341612202759816, 23.674286679111173], [17.185107717079823, 20.60014521635867, 23.928820143686615], [17.507035811967185, 20.82896390685455, 24.15760891795649]]}