{"taylor": [[7.882643049361842, 7.930737337562887, 7.807354922057604], [9.727920454563199, 9.807354922057604, 9.523561956057012], [11.154818109052105, 10.605479518061669, 10.832890014164741], [11.523561956057012, 11.807354922057604, 11.523561956057012], [12.654636028527968, 12.428360172704291, 12.45532722030456], [12.92481250360578, 12.870364719583405, 12.842350343413807], [13.427312844134963, 13.372865060112588, 13.62662165235837], [13.437492010125352, 13.766114757586722, 13.711666973564347], [14.147204924942228, 14.007027266893969, 14.064742764750257], [14.58894882031468, 14.33063682472329, 14.491101496916537]], "trotter": [[5.321928094887363, 11.965784284662087, 18.609640474436812], [7.321928094887363, 13.965784284662087, 20.609640474436812], [8.491853096329674, 15.1357092861044, 21.779565475879124], [9.321928094887362, 15.965784284662087, 22.609640474436812], [9.643856189774725, 16.609640474436812, 23.253496664211536], [9.643856189774725, 17.1357092861044, 23.779565475879124], [10.643856189774725, 17.580494128777296, 24.22435031855202], [11.228818690495881, 17.96578428466209, 24.609640474436812], [11.643856189774725, 18.305634287546713, 24.949490477321437], [11.965784284662087, 18.609640474436812, 25.253496664211536]], "qdrift": [[8.754887502163468, 15.592515435334873, 22.06052178971018], [11.022367813028454, 17.389698552335187, 23.515087653175662], [11.661778097771988, 18.586590601377768, 25.308449303153765], [12.672425341971495, 19.36221781591308, 25.890596788267867], [13.439571196276454, 20.006074005687804, 26.756845399379042], [13.934796592178403, 20.61306281273896, 27.03014814066666], [14.436711542137214, 21.031375444050664, 27.474932983339556], [14.540370243743567, 21.334203439743483, 28.328002100575166], [15.138911718142744, 21.525190056713626, 28.23044679115249], [15.568668693380506, 22.138524301711453, 28.677410931884637]], "ktrotter": [[7.392317422778761, 10.231221180711186, 13.690652799348483], [8.807354922057604, 11.816183681432342, 15.185417491098061], [9.689997971419446, 12.553149275598548, 16.089202175838757], [10.29920801838728, 13.231221180711186, 16.706954611677585], [10.231221180711186, 13.816183681432342, 17.18541749109806], [10.231221180711186, 14.231221180711186, 17.58877318532927], [11.231221180711186, 14.553149275598548, 17.917721707894405], [11.231221180711186, 14.87507737048591, 18.208501104211102], [11.816183681432342, 15.138111776319704, 18.464840857470886], [11.816183681432342, 15.360504197656152, 18.694745553982365]]}