{"taylor": [[9.266786540694902, 9.20945336562895, 9.247927513443585], [11.476746203939467, 11.377210530388552, 11.417852514885897], [12.7632123668144, 12.649256177517314, 12.52552080909507], [13.589182967039351, 13.51422090935813, 13.660441650209172], [14.270587340447511, 14.270587340447511, 14.159556028058768], [14.851749041416058, 14.60917873814198, 14.649256177517314], [14.994353436858859, 14.994353436858859, 15.056637715113201], [15.499472212561567, 15.439765966437301, 15.55680538762752], [15.914758838941857, 15.799281621521923, 15.933137368256713], [15.890834249389446, 16.065920955947536, 15.981032058361023]], "trotter": [[10.022367813028454, 16.638209626633582, 23.29137082987266], [11.965784284662087, 18.645264384167533, 25.291441093846412], [12.965784284662087, 19.817533326078145, 26.46138951585287], [13.965784284662087, 20.64702269643989, 27.291458659305164], [14.550746785383243, 21.29108973975177, 27.93531695692057], [15.1357092861044, 21.817533326078145, 28.46138951585287], [15.609640474436812, 22.262126969354977, 28.90617244665723], [15.965784284662087, 22.64746193987178, 29.291463050636438], [16.32333628928017, 22.987458327520457, 29.63131451729518], [16.638209626633582, 23.29137082987266, 29.935319767370014]], "qdrift": [[10.147204924942228, 16.900866807980748, 23.90348177370355], [12.533329732305834, 19.27703761701542, 25.695684427737678], [13.59618975614441, 20.39389316784139, 26.78195233781371], [14.34485068394299, 21.051745305173178, 27.774755998728878], [15.12968549847663, 21.86785786397283, 28.43772131301639], [15.555547771647065, 22.319934471024798, 28.845146164300903], [16.099183410079284, 22.745595959486476, 29.350472480526776], [16.36591229947082, 23.031351884268496, 29.75539138065501], [16.82687119065748, 23.489854818679696, 29.994312605576418], [17.090691366860767, 23.675212786030436, 30.167074175420225]], "ktrotter": [[9.417852514885897, 11.814582465906277, 15.902045307156616], [10.862637357558794, 13.814582465906277, 17.39954496662743], [11.723660944409984, 14.814582465906277, 18.274014084543573], [11.814582465906277, 15.515022184047368, 18.902045307156616], [11.814582465906277, 16.062509979349862, 19.384438074237224], [12.814582465906277, 16.458438655681, 19.780366750568362], [13.399544966627433, 16.76877877629315, 20.113790484293556], [13.399544966627433, 17.062509979349862, 20.40329710148854], [13.814582465906277, 17.33814442196329, 20.66007251685065], [14.136510560793639, 17.542502920469474, 20.8860448284629]]}