{"taylor": [[21.316861542969967, 21.414994846950943, 20.770302554550156], [23.513527139188046, 23.632243538551982, 23.21924179936981], [24.59200722450068, 24.553229563221777, 24.647486643342486], [25.12069730473958, 25.321328094651857, 25.524415455330782], [26.065522470768546, 26.22859027945519, 26.07629818046347], [26.69123788559695, 26.682280646419912, 26.566412719440137], [27.35663925150128, 26.96561234680045, 27.399962740131336], [27.587393318289926, 27.31105798064818, 27.563528084868157], [27.165479631468155, 27.954437642886088, 27.648215699311514], [28.58174511901343, 27.992422702490266, 27.779677055008776]], "trotter": [[32.891975850439586, 39.5358176402405, 46.17967366071738], [34.8919661207433, 41.53581749429408, 48.17967366071738], [36.06188787893893, 42.70574249033097, 49.349598661943475], [36.89196247209028, 43.53581748213188, 50.17967366047414], [37.53581802943087, 44.17967366655524, 50.823529850180755], [38.06188679785509, 44.7057424741147, 51.349598661835365], [38.50667139783558, 45.1505273175598, 51.79438350451488], [38.891961559925576, 45.535817473010226, 52.17967366038292], [39.23181143893594, 45.875667474956416, 52.519523663265666], [39.5358176402405, 46.17967366071738, 52.82352985014183]], "qdrift": [[20.236634387161303, 26.41231924265929, 32.99761397678853], [21.293943070124936, 28.312415294361383, 35.22813427900837], [22.925275533984127, 29.8286665338333, 35.665717732661044], [23.804523374523516, 30.44839463881937, 36.76202956598913], [24.186871012695406, 31.06138979789181, 37.76632167518754], [24.95394792386679, 31.362898232433526, 37.96359388770714], [25.476599437945698, 32.173287275349495, 38.62315087144177], [25.422203998212716, 32.3537577646813, 38.83074232026049], [26.230799157697323, 32.64103975122551, 39.449802876498644], [25.95581960095255, 32.67296638054757, 39.70524609843577]], "ktrotter": [[26.719655364122662, 30.040460302051088, 33.36236030680827], [28.218849802561625, 31.54047999435245, 34.86236836417879], [29.09611440507075, 32.41788032954287, 35.739803018435765], [29.71860243009644, 33.04046030205109, 36.36236030680827], [30.201619661314812, 33.523346774759176, 36.845252257481995], [30.596100645936925, 33.917875844123735, 37.2398039390111], [30.929563814674438, 34.25147674237694, 37.573392703401595], [31.218601554253194, 34.54044275213979, 37.862359674175885], [31.473398901875875, 34.79532699676324, 38.11724676858604], [31.701472487864905, 35.02332952103218, 38.3452513978525]]}