{"taylor": [[21.75651560282008, 21.217805090496665, 20.911484154741693, 21.104721593620717, 21.635834120397618], [22.095576019531396, 21.959561235544474, 21.848791782444064, 21.959561235544474, 22.27276474430821], [23.335183423959545, 22.654436306572272, 22.961196723518885, 22.796673585216098, 22.863461681103228], [23.607888339788985, 23.524323623149854, 23.845920786726925, 23.39909352185326, 23.445263703286187], [24.436180826684296, 24.349387066578583, 24.436537708576257, 24.501769168311874, 24.5004042722395], [24.60654437712661, 24.660629662971697, 24.913041323778828, 25.123124903482903, 24.6142497276894], [25.72966544457492, 26.00488209980079, 25.73656647041914, 25.614508448904218, 25.974717892919834], [26.50266818583236, 26.302898673456582, 26.108451953052736, 26.386154177105933, 26.464866153119974], [27.30943843204912, 27.002090374333807, 26.550394404476116, 26.776550024537222, 26.946529492993825], [27.689209524126667, 27.884921354639346, 27.76669934735698, 27.50807256762887, 27.41076420115672], [28.296899888941848, 28.734409205505465, 28.443755815951285, 28.474765388872445, 28.275102382079602], [29.31650082411801, 29.30418240889922, 29.30090396906699, 29.180799993393936, 29.096331400265136], [29.923360944955533, 30.05984958294794, 30.176484305150755, 29.800521300237357, 29.746734131455465], [30.61361756201703, 30.75221098690856, 30.719509921023384, 30.610906820302542, 30.508932663465224], [31.43171082407376, 31.483859997265363, 31.31753980415445, 31.521519783923658, 31.158231910086165], [31.86644226237177, 32.14445791228306, 31.827377735643072, 31.715342919497044, 32.058980279719634], [32.580886411304306, 32.181296976932956, 32.49583064135153, 32.4515769207048, 32.541381578847215], [33.4863860873094, 33.181164174132675, 33.435169614165346, 33.55032478510331, 33.23111718411905], [34.015956235107275, 33.999757675241334, 33.932205834895626, 33.84701183383425, 34.3016655421647], [34.70312619011228, 34.995508285511484, 34.756292737917214, 34.68636509492489, 34.634443922828304]], "trotter": [[32.891975850439586, 36.21389226968353, 39.53581861321623, 42.85774659134654, 46.179674668720345], [33.59132693251173, 36.913244241749794, 40.235171857273095, 43.55709986827173, 46.8790279523734], [34.29067015808505, 37.61259751493397, 40.934525093194196, 44.25645314379922, 47.57838123499639], [34.99002341555527, 38.31195060140325, 41.6338783326747, 44.95580642756206, 48.27773451835874], [35.68937782237263, 39.011303677939594, 42.333231632869314, 45.65515970816261, 48.97708780137047], [36.38872998455266, 39.710656872743236, 43.03258489867647, 46.35451299011613, 49.67644108448633], [37.088082205439086, 40.410010088000064, 43.731938182887426, 47.053866273528264, 50.37579436756632], [37.78743562866395, 41.10936339664927, 44.43129146538447, 47.75321955634901, 51.07514765064795], [38.48678876809512, 41.80871666166043, 45.13064474446847, 48.45257283895319, 51.774500933760024], [39.186142022296345, 42.50806994360635, 45.829998028575005, 49.151926122222534, 52.47385421688672], [39.88549519499254, 43.207423228795726, 46.52935131146625, 49.851279405131926, 53.17320750001929], [40.58484843925814, 43.90677650593157, 47.22870459423567, 50.55063268827662, 53.872560783154576], [41.28420170722955, 44.60612978474141, 47.92805787673286, 51.24998597144646, 54.57191406628749], [41.983554971780556, 45.305483066667925, 48.62741115977184, 51.94933925455219, 55.27126734941815], [42.68290826153631, 46.00483634983368, 49.326764442963714, 52.648692537675345, 55.970620632553924], [43.38226153872647, 46.70418963226102, 50.02611772593085, 53.348045820804685, 56.66997391568664], [44.08161482571137, 47.403542914766845, 50.72547100907102, 54.047399103933394, 57.369327198820756], [44.78096810283728, 48.10289619772464, 51.42482429220154, 54.74675238706838, 58.068680481954715], [45.48032138762088, 48.80224948061237, 52.12417757534174, 55.44610567020383, 58.76803376508898], [46.179674668720345, 49.50160276360771, 52.823530858456145, 56.14545895333573, 59.46738704822309]], "qdrift": [[19.79686980198008, 22.91588448347122, 26.39129599208887, 29.86866973338222, 32.716535395484975], [20.551208824644004, 23.833418248151563, 26.913428573035112, 30.539216490716957, 33.878018899292435], [20.830747294053467, 24.613970283623956, 27.639473565009055, 30.946636643194395, 34.39632055632105], [21.89485624066119, 24.887888080622172, 28.275765660343207, 31.73798593095264, 34.86647301992969], [22.382462814042487, 25.736666278909926, 28.978185971121107, 32.08230904266445, 35.92981115152935], [23.346319755397264, 26.726324676621275, 29.820323749321958, 33.282275597341304, 36.62172144557324], [23.870215319191807, 26.837157086261726, 30.5767938165995, 33.97152235984543, 36.75955114879921], [24.388839512077332, 27.602652713205465, 31.51407506822503, 34.799361589597545, 37.79471523974781], [25.165037315991743, 28.96640458764593, 31.79688280708012, 35.2513671140078, 38.739544555890795], [26.02832799213204, 29.60211541729652, 32.97040869918915, 35.85098805183112, 39.1310091983995], [26.894036409448404, 29.821416966428984, 33.55211038419551, 36.579546683789054, 40.10850378038968], [27.57422005312723, 30.582040852764475, 33.79820688506511, 37.26728867805339, 40.751674227908495], [27.980309400681637, 31.538919101470785, 34.80977309152715, 38.33050681136232, 41.32027892001708], [28.71470923939283, 32.123422246604335, 35.761288899561436, 38.66599524790808, 41.83430015417345], [29.337021914521454, 32.39225938668014, 36.60586330848312, 39.39990575349691, 43.20969766120203], [30.147632247333792, 33.432456906472844, 37.00337729677911, 40.38254377875395, 43.87828869052693], [31.029380182818088, 34.3438398745177, 37.59150462590958, 40.99018992092834, 43.92911434417657], [31.321126241608958, 35.03065879407774, 37.866152602571226, 41.219482798010915, 45.03126845409232], [31.907470640962153, 35.38460437737453, 38.80542823219385, 42.12436628534571, 45.43125050012466], [33.03515834564866, 36.140418151253115, 39.733560380030184, 42.78427434486903, 46.004247796759486]], "ktrotter": [[27.68269760812399, 29.343387435008392, 31.004193693713056, 32.66504226632057, 34.32600656426948], [28.20688543510353, 29.86789947015202, 31.52861328083506, 33.18957427178659, 34.850521349278026], [28.731535216038196, 30.392190772471544, 32.05311529619926, 33.71407484181561, 35.37503642993573], [29.256095357212224, 30.91676685817895, 32.577636359250235, 34.238587833420475, 35.899554775485505], [29.78045641556434, 31.441206762469214, 33.1021490315642, 34.763102941325336, 36.424067033640284], [30.304851745859306, 31.965735116048148, 33.626662904978346, 35.28761883556579, 36.948581644594775], [30.829399652749007, 32.49020678787122, 34.15118142226063, 35.812134882758585, 37.473096509729665], [31.353823708208097, 33.0147408584813, 34.67568398443592, 36.33664750687298, 37.99761094898528], [31.878309253229954, 33.53923806889235, 35.20019805850169, 36.861161193930506, 38.52212536758583], [32.40282749598324, 34.06376126077796, 35.724711888730745, 37.385677263192676, 39.04663998361811], [32.92732493032879, 34.588267768856475, 36.24923023904488, 37.91019105995647, 39.571154915975505], [33.451832690280085, 35.11278285577245, 36.773742304190286, 38.43470594132233, 40.09566987104625], [33.97634592468895, 35.63729445670823, 37.29825750091352, 38.95922081036584, 40.6201848616337], [34.50084921176759, 36.161808222762836, 37.822772202787, 39.48373591415326, 41.14469978728658], [35.02536228011468, 36.686323519878904, 38.347286826827066, 40.00825077324183, 41.66921465560095], [35.549877684731726, 37.21083779132932, 38.87180207962151, 40.53276569120939, 42.19372961950842], [36.07438926113139, 37.735352424855925, 39.39631649861369, 41.05728051974329, 42.718244593501055], [36.59890485797193, 38.259868226259506, 39.92083146270508, 41.58179547293601, 43.24275952778934], [37.12341967917988, 38.78438240441921, 40.44534653093386, 42.106310433787655, 43.76727448078893], [37.64793465915684, 39.30889754513015, 40.969861457718125, 42.63082541227614, 44.291789451780076]]}