{"taylor": [[18.276487941887197, 18.604292603111226, 18.365681671216652], [20.94486645079599, 20.81659620682409, 20.61306281273896], [21.960986116159265, 21.642274733955446, 22.305408848833714], [22.550521346670248, 22.365681671216652, 22.316414126299954], [23.073818612323638, 23.541648479446796, 23.291476224550053], [23.93499090762632, 23.95840757205749, 23.674053442628107], [24.09985518193343, 24.49080706268796, 24.307155078134137], [24.555610491270876, 24.677355763623243, 24.537348284878146], [24.74960554472552, 24.94934620060339, 24.99806148563642], [25.487300073979107, 25.169703470780483, 25.59474636387286]], "trotter": [[30.623923898698827, 37.26775009450187, 43.91160607806588], [32.62390046596173, 39.26775009450187, 45.91160607103597], [33.7938280710603, 40.43767488765053, 47.08153107117644], [34.62389460771799, 41.2677499187541, 47.91160606986431], [35.26775009450187, 41.91160609681231, 48.555462259592176], [35.793820260077446, 42.43767488765053, 49.08153107117644], [36.238605049614264, 42.88245972819798, 49.52631591376432], [36.62389460771799, 43.267749889462806, 49.911606069571405], [36.963743815036814, 43.60759988909284, 50.25145607238732], [37.26775009450187, 43.91160607806588, 50.55546225931098]], "qdrift": [[19.832244132081968, 26.049376422014046, 32.6385328834837], [21.799425506883836, 28.598104245817417, 35.12992126889266], [22.781439761410475, 29.55059931304203, 36.367636379728054], [23.742126837385648, 30.340108703169445, 37.22581671286436], [24.334597640893463, 31.008440917942853, 37.61680813376819], [24.81023702571791, 31.350697778828, 38.10365563404997], [25.385770459745682, 32.01656177166204, 38.36711071221087], [25.967945189136152, 32.47611539637782, 39.49771504443537], [26.13417059301785, 32.327540278408726, 39.367044991176826], [26.31799186011114, 32.66614511469156, 39.218258757277916]], "ktrotter": [[17.714030814928783, 17.714030814928783, 17.714030814928783], [17.714030814928783, 17.714030814928783, 17.714030814928783], [17.714030814928783, 17.714030814928783, 17.714030814928783], [17.714030814928783, 17.714030814928783, 17.714030814928783], [17.714030814928783, 17.714030814928783, 17.714030814928783], [17.714030814928783, 17.714030814928783, 17.714030814928783], [17.714030814928783, 17.714030814928783, 17.714030814928783], [17.714030814928783, 17.714030814928783, 17.714030814928783], [17.714030814928783, 17.714030814928783, 17.714030814928783], [17.714030814928783, 17.714030814928783, 17.714030814928783]]}