{"8": {"0.251188643150958": 0.9451422619768804, "0.3993780375187531": 0.9182013170759371, "0.5475674318865482": 0.8682285210870225, "0.6957568262543432": 0.7780776635554327, "0.8439462206221383": 0.6576653355138715, "0.9921356149899334": 0.5524977710331341, "1.1403250093577284": 0.4821075324399523, "1.2885144037255236": 0.43835415222738966, "1.4367037980933186": 0.40693473259813956, "1.5848931924611136": 0.3858740529937177}}