{
    "inv_temp": 1000000,
    "qubits": 6,
    "h_val": -0.1,
    "beta": 0.0,
    "collision count": [
        0,
        25,
        50,
        75,
        100
    ],
    "results": {
        "1000.0": {
            "0": {
                "taus": {},
                "observable": [
                    0.6666666666666666,
                    0.9999999999999999,
                    0.9999999999999999,
                    0.9999999999999999,
                    0.9999999999999999
                ],
                "swap_hash": "2785fa0b"
            },
            "0.9": {
                "taus": {},
                "observable": [
                    0.6666666666666666,
                    0.9636166666666666,
                    0.9964056666666664,
                    0.9996076666666666,
                    0.9999603333333332
                ],
                "swap_hash": "650d3bc9"
            },
            "0.99": {
                "taus": {},
                "observable": [
                    0.6666666666666666,
                    0.7307046666666667,
                    0.7836373333333333,
                    0.8248096666666666,
                    0.8608276666666664
                ],
                "swap_hash": "e2a56b56"
            },
            "0.999": {
                "taus": {},
                "observable": [
                    0.6666666666666666,
                    0.6743283333333333,
                    0.68069,
                    0.687322,
                    0.696909
                ],
                "swap_hash": "6af283b4"
            },
            "1": {
                "taus": {},
                "observable": [
                    0.6666666666666666,
                    0.6674126666666667,
                    0.6666023333333332,
                    0.6665233333333335,
                    0.6695833333333333
                ],
                "swap_hash": "5a3fc300"
            }
        }
    }
}