{"4": {"1.2589254117941673": 0.578603034520603, "1.2951440540904946": 0.5714150731457561, "1.331362696386822": 0.5646691474895893, "1.3675813386831495": 0.5583308303716585, "1.4037999809794768": 0.5523684875615237, "1.440018623275804": 0.5467531218249125, "1.4762372655721314": 0.5414581972282433, "1.5124559078684587": 0.536459455836733, "1.5486745501647863": 0.5317347349405956, "1.5848931924611136": 0.5272637900706502}}