{"6": {"0.7943282347242815": 0.7272231430787803, "1.0574337264402924": 0.5808184541619749, "1.3205392181563034": 0.5000754864389245, "1.583644709872314": 0.45481959284823537, "1.846750201588325": 0.42683476801942544, "2.109855693304336": 0.4080105022155769, "2.3729611850203467": 0.3945235971387602, "2.6360666767363576": 0.38439436316148445, "2.8991721684523686": 0.37650823475491735, "3.1622776601683795": 0.37019322507625857}}