{"6": {"0.31622776601683794": 0.9722978191206657, "0.40014904815247887": 0.9518456029164254, "0.4840703302881198": 0.9218234663977753, "0.5679916124237607": 0.8800853126907275, "0.6519128945594017": 0.827345103740918, "0.7358341766950426": 0.7683856354241085, "0.8197554588306835": 0.7099309567852513, "0.9036767409663244": 0.6571451713482078, "0.9875980231019654": 0.6122124026204738, "1.0715193052376064": 0.5750957309269027}}