{"8": {"0.7943282347242815": 0.7380021366769339, "1.0574337264402924": 0.5477165487693467, "1.3205392181563034": 0.4527123720872283, "1.583644709872314": 0.4050666260674905, "1.846750201588325": 0.3774180038756945, "2.109855693304336": 0.35947063576635013, "2.3729611850203467": 0.3468822657255411, "2.6360666767363576": 0.3375551308592677, "2.8991721684523686": 0.33035978529245635, "3.1622776601683795": 0.3246354078316109}}