{"6": {"0.5011872336272722": 0.9142959024998307, "0.6215990068310324": 0.8474420478261264, "0.7420107800347926": 0.7639869720267691, "0.8624225532385527": 0.6821809528631196, "0.9828343264423128": 0.6145467617364605, "1.1032460996460731": 0.5628967801910776, "1.223657872849833": 0.5242071830410218, "1.3440696460535932": 0.49496012922029886, "1.4644814192573534": 0.4724154166704987, "1.5848931924611136": 0.4546551276939043}}