{"7": {"0.7943282347242815": 0.7354363144960812, "1.0574337264402924": 0.5716116037713915, "1.3205392181563034": 0.48639753755627013, "1.583644709872314": 0.4415391241607758, "1.846750201588325": 0.4148531120017472, "2.109855693304336": 0.39732029993998746, "2.3729611850203467": 0.3849480511959837, "2.6360666767363576": 0.37575233170893985, "2.8991721684523686": 0.36864680630102076, "3.1622776601683795": 0.36298924573762037}}