{"8": {"0.251188643150958": 0.9855901915050554, "0.3993780375187531": 0.9603729986445415, "0.5475674318865482": 0.9118127174969503, "0.6957568262543432": 0.8206806098243282, "0.8439462206221383": 0.6952133051620103, "0.9921356149899334": 0.584876717997955, "1.1403250093577284": 0.5097045227122264, "1.2885144037255236": 0.460883977308309, "1.4367037980933186": 0.42807271205149566, "1.5848931924611136": 0.40490037624126374}}