{"4": {"0.3981071705534972": 0.9315046898524366, "0.5299722840987879": 0.8687904586341247, "0.6618373976440786": 0.7967573406308106, "0.7937025111893693": 0.7292345320849378, "0.92556762473466": 0.6730050923799901, "1.0574327382799509": 0.6285315512497173, "1.1892978518252413": 0.5938026973386201, "1.3211629653705321": 0.5665262387458136, "1.453028078915823": 0.5448156591748209, "1.5848931924611136": 0.5272637900706502}}