{"3": {"0.1": 0.9956754510133567, "0.20794658947084516": 0.9790504087139154, "0.31589317894169033": 0.9487925828270398, "0.42383976841253546": 0.9080887185195066, "0.5317863578833807": 0.8631383068382035, "0.6397329473542258": 0.8196308082565127, "0.7476795368250709": 0.7807770394738571, "0.8556261262959162": 0.747553586760674, "0.9635727157667613": 0.7196958902022834, "1.0715193052376064": 0.696468141358612}, "6": {"0.1": 0.9974819495896778, "0.20794658947084516": 0.9887854577314932, "0.31589317894169033": 0.9723639500173554, "0.42383976841253546": 0.9444602023467763, "0.5317863578833807": 0.8995766377174246, "0.6397329473542258": 0.8355373952063967, "0.7476795368250709": 0.759955404593624, "0.8556261262959162": 0.6864817872968777, "0.9635727157667613": 0.6242476299338364, "1.0715193052376064": 0.5750957309269027}}