{"6": {"0.251188643150958": 0.9832863554197093, "0.3993780375187531": 0.9520727582345603, "0.5475674318865482": 0.8913527430776162, "0.6957568262543432": 0.7968923200674944, "0.8439462206221383": 0.693982561164884, "0.9921356149899334": 0.6100124947706369, "1.1403250093577284": 0.5497756786910168, "1.2885144037255236": 0.5074765205409939, "1.4367037980933186": 0.4771333004898493, "1.5848931924611136": 0.4546551276939043}}