{"6": {"0.31622776601683794": 0.9722978191206657, "0.457190591177313": 0.9326459130288092, "0.5981534163377881": 0.8622283751408716, "0.739116241498263": 0.7660476969093887, "0.8800790666587381": 0.6712363103472501, "1.0210418918192132": 0.5965307568947942, "1.1620047169796883": 0.5426290222514578, "1.3029675421401634": 0.5040711914884544, "1.4439303673006385": 0.475880561004703, "1.5848931924611136": 0.4546551276939043}}