{"6": {"1.2589254117941673": 0.5148028057828078, "1.4219093021276406": 0.4797557694111232, "1.5848931924611136": 0.4546551276939043}}