{"3": {"0.01": 0.9999619162456796, "0.12794658947084517": 0.9926751218504054, "0.24589317894169033": 0.9699018770465084, "0.3638397684125355": 0.9316640102923315, "0.48178635788338064": 0.8840761025902084, "0.5997329473542258": 0.8353232067901903, "0.717679536825071": 0.7910207516958806, "0.8356261262959161": 0.7532864725818584, "0.9535727157667613": 0.7220694378485353, "1.0715193052376064": 0.696468141358612}, "6": {"0.01": 0.9999749983061569, "0.12794658947084517": 0.9958571601162288, "0.24589317894169033": 0.9840306395350016, "0.3638397684125355": 0.9617033599066215, "0.48178635788338064": 0.9227900361688477, "0.5997329473542258": 0.8612557384589811, "0.717679536825071": 0.781325231312181, "0.8356261262959161": 0.6994070827209802, "0.9535727157667613": 0.6294514420885446, "1.0715193052376064": 0.5750957309269027}}