{"3": {"0.31622776601683794": 0.9486797840612482, "0.40014904815247887": 0.9176169684102204, "0.4840703302881198": 0.8831189861730988, "0.5679916124237607": 0.8481701552790933, "0.6519128945594017": 0.8149797305857704, "0.7358341766950426": 0.7847690968728888, "0.8197554588306835": 0.7579701448133028, "0.9036767409663244": 0.7345294753374878, "0.9875980231019654": 0.7141546290566702, "1.0715193052376064": 0.696468141358612}, "6": {"0.31622776601683794": 0.9722978191206657, "0.40014904815247887": 0.9518456029164254, "0.4840703302881198": 0.9218234663977753, "0.5679916124237607": 0.8800853126907275, "0.6519128945594017": 0.827345103740918, "0.7358341766950426": 0.7683856354241085, "0.8197554588306835": 0.7099309567852513, "0.9036767409663244": 0.6571451713482078, "0.9875980231019654": 0.6122124026204738, "1.0715193052376064": 0.5750957309269027}}