{"9": {"0.5011872336272722": 0.9355212221166065, "0.6215990068310324": 0.8822558713947375, "0.7420107800347926": 0.7944914988240437, "0.8624225532385527": 0.6840953273588241, "0.9828343264423128": 0.5863617404892956, "1.1032460996460731": 0.5163154024422831, "1.223657872849833": 0.4687858231916185, "1.3440696460535932": 0.4359241004755238, "1.4644814192573534": 0.4123080817738171, "1.5848931924611136": 0.39466370745475055}}