{"4": {"0.251188643150958": 0.9766298772013557, "0.3993780375187531": 0.9309898064377099, "0.5475674318865482": 0.8593770664562445, "0.6957568262543432": 0.7785395200656053, "0.8439462206221383": 0.7063583258942401, "0.9921356149899334": 0.6491885140150129, "1.1403250093577284": 0.6057143019659059, "1.2885144037255236": 0.572696682964142, "1.4367037980933186": 0.5472533487096292, "1.5848931924611136": 0.5272637900706502}}