{"4": {"0.5011872336272722": 0.8838090278351827, "0.6215990068310324": 0.8187989545355026, "0.7420107800347926": 0.7545499498776326, "0.8624225532385527": 0.6983949765645576, "0.9828343264423128": 0.6523425445762772, "1.1032460996460731": 0.6154830858640532, "1.223657872849833": 0.5860625641547467, "1.3440696460535932": 0.5624006751030204, "1.4644814192573534": 0.543143228124431, "1.5848931924611136": 0.5272637900706502}}