{"8": {"0.7943282347242815": 0.7380021366769339, "0.8821687855839295": 0.6636237494415721, "0.9700093364435776": 0.5990845239624183, "1.0578498873032256": 0.5475014885378461, "1.1456904381628736": 0.5075506272104959, "1.2335309890225217": 0.4766675763079336, "1.3213715398821695": 0.4525090201520506, "1.4092120907418175": 0.43328838795877717, "1.4970526416014656": 0.4177219531981851, "1.5848931924611136": 0.40490037624126374}}