{"6": {"0.7943282347242815": 0.7272231430787803, "0.8821687855839295": 0.6699633541285993, "0.9700093364435776": 0.6209588827626322, "1.0578498873032256": 0.5806465773622277, "1.1456904381628736": 0.5479722293754916, "1.2335309890225217": 0.5214968346089193, "1.3213715398821695": 0.4998900291941345, "1.4092120907418175": 0.4820704451266393, "1.4970526416014656": 0.46720308560368573, "1.5848931924611136": 0.4546551276939043}}