{"4": {"0.12589254117941673": 0.9947992250275565, "0.4632686655115237": 0.9026248887307585, "0.8006447898436306": 0.7259689177151734, "1.1380209141757376": 0.6063018124829624, "1.4753970385078445": 0.5415775873964214, "1.8127731628399515": 0.5039060130399174, "2.1501492871720584": 0.4798071951212335, "2.487525411504165": 0.463202323572114, "2.8249015358362723": 0.4511072303592045, "3.1622776601683795": 0.4419183520471537}}