{"3": {"0.01": 0.9999619162456796, "0.11448749026151997": 0.994228482620864, "0.21897498052303996": 0.9765681456124515, "0.3234624707845599": 0.9462158802615921, "0.4279499610460799": 0.9064131162513402, "0.5324374513075999": 0.8628669706415685, "0.6369249415691198": 0.8207119280557105, "0.7414124318306399": 0.7828805619244267, "0.8458999220921598": 0.7503181486061956, "0.9503874123536797": 0.7228339422549845, "1.0548749026151998": 0.6997807675579317, "1.1593623928767198": 0.6804208633106398, "1.2638498831382396": 0.6640787621102656, "1.3683373733997597": 0.6501868502364219, "1.4728248636612797": 0.638285882979319, "1.5773123539227996": 0.6280101832846231, "1.6817998441843196": 0.6190699688645389, "1.7862873344458396": 0.6112353221741873, "1.8907748247073595": 0.60432300553675, "1.9952623149688795": 0.5981860744611854}}