{"8": {"0.3981071705534972": 0.9606653832623215, "0.5299722840987879": 0.9194329127326676, "0.6618373976440786": 0.8458704736693887, "0.7937025111893693": 0.738546874854224, "0.92556762473466": 0.6301627373373607, "1.0574327382799509": 0.547717059735866, "1.1892978518252413": 0.49124406480919025, "1.3211629653705321": 0.45255993752730744, "1.453028078915823": 0.4251309768245599, "1.5848931924611136": 0.40490037624126374}}