{"8": {"0.8912509381337456": 0.6563873447930033, "0.9683222997256753": 0.6002024109949129, "1.0453936613176051": 0.5540535124518302, "1.122465022909535": 0.5171248730134679, "1.1995363845014646": 0.48770498775460774, "1.2766077460933944": 0.46410413544691703, "1.3536791076853243": 0.444943246638044, "1.4307504692772541": 0.4291736476287966, "1.507821830869184": 0.41601752360297917, "1.5848931924611136": 0.40490037624126374}}