{"4": {"0.31622776601683794": 0.9601828387746211, "0.457190591177313": 0.9055176165375425, "0.5981534163377881": 0.831726246720715, "0.739116241498263": 0.7560168899752958, "0.8800790666587381": 0.6910122231270612, "1.0210418918192132": 0.639730112735735, "1.1620047169796883": 0.6003078376346482, "1.3029675421401634": 0.5699217010860134, "1.4439303673006385": 0.5461662654842588, "1.5848931924611136": 0.5272637900706502}}