{"4": {"0.5011872336272722": 0.8393226373586572, "0.6215990068310324": 0.7742804900624739, "0.7420107800347926": 0.7147377388762169, "0.8624225532385527": 0.6602892028628949, "0.9828343264423128": 0.6184262517049091, "1.1032460996460731": 0.5818383700307602, "1.223657872849833": 0.5555740263446443, "1.3440696460535932": 0.5328201471107852, "1.4644814192573534": 0.5147055536276565, "1.5848931924611136": 0.5006637250780084}}