{"3": {"0.1": 0.9237960742963505, "0.20794658947084516": 0.9342037828063412, "0.31589317894169033": 0.8750109294730168, "0.42383976841253546": 0.8371099617726766, "0.5317863578833807": 0.7953825520031246, "0.6397329473542258": 0.7556918627541447, "0.7476795368250709": 0.7220374709772476, "0.8556261262959162": 0.6800650021420482, "0.9635727157667613": 0.666751519911163, "1.0715193052376064": 0.6616369382643175}, "6": {"0.1": 0.9618293752882676, "0.20794658947084516": 0.9507152211320434, "0.31589317894169033": 0.9323832953933054, "0.42383976841253546": 0.9025319055885709, "0.5317863578833807": 0.8571938076108436, "0.6397329473542258": 0.793515996547705, "0.7476795368250709": 0.720334356237849, "0.8556261262959162": 0.6499197216542756, "0.9635727157667613": 0.5917663209257193, "1.0715193052376064": 0.5440362827366131}}