{"4": {"0.5011872336272722": 0.8400792722639193, "0.6215990068310324": 0.7749434085573831, "0.7420107800347926": 0.7146398766017117, "0.8624225532385527": 0.6583020700701627, "0.9828343264423128": 0.6164608250284683, "1.1032460996460731": 0.5798342549729406, "1.223657872849833": 0.55496750918167, "1.3440696460535932": 0.5337931836237091, "1.4644814192573534": 0.516760989477634, "1.5848931924611136": 0.4997995159791231}}