{"4": {"0.5011872336272722": 0.8400981309824906, "0.6215990068310324": 0.7762052186341284, "0.7420107800347926": 0.714681293030398, "0.8624225532385527": 0.65993236776321, "0.9828343264423128": 0.6142115881007573, "1.1032460996460731": 0.5811544950915015, "1.223657872849833": 0.5549152375766309, "1.3440696460535932": 0.5314505119692312, "1.4644814192573534": 0.5136724035512571, "1.5848931924611136": 0.5012977037091771}}