{"4": {"0.5011872336272722": 0.8396194816309722, "0.6215990068310324": 0.7740777149584506, "0.7420107800347926": 0.7149370498479959, "0.8624225532385527": 0.6587353383280582, "0.9828343264423128": 0.6175358422471607, "1.1032460996460731": 0.5813782051802573, "1.223657872849833": 0.5548686152665205, "1.3440696460535932": 0.5322022511550748, "1.4644814192573534": 0.5157584421958639, "1.5848931924611136": 0.5030860722731918}}