{"6": {"0.31622776601683794": 0.9304982527015186, "0.40014904815247887": 0.9091741245641528, "0.4840703302881198": 0.8785051798465457, "0.5679916124237607": 0.8363638503875355, "0.6519128945594017": 0.7845098389382124, "0.7358341766950426": 0.7287031644376755, "0.8197554588306835": 0.5466035022931554, "0.9036767409663244": 0.6220698358194139, "0.9875980231019654": 0.5809585291179727, "1.0715193052376064": 0.5456026777327427}}