{"6": {"0.251188643150958": 0.9436182295443423, "0.3993780375187531": 0.9095044548757707, "0.5475674318865482": 0.8480492537426301, "0.6957568262543432": 0.7550007214096419, "0.8439462206221383": 0.656427488024242, "0.9921356149899334": 0.5775012210191803, "1.1403250093577284": 0.5221519154068243, "1.2885144037255236": 0.48324042102395615, "1.4367037980933186": 0.4706330535723572, "1.5848931924611136": 0.43622864672637074}}