{"0.001": {"4": {"0.31622776601683794": 0.9167027882130283, "0.457190591177313": 0.8605979854651907, "0.5981534163377881": 0.7882181401729195, "0.739116241498263": 0.7161220643681222, "0.8800790666587381": 0.6555421491941988, "1.0210418918192132": 0.6054613027477691, "1.1620047169796883": 0.5699699929118089, "1.3029675421401634": 0.5421928263192352, "1.4439303673006385": 0.5189585391772972, "1.5848931924611136": 0.5029004214635101}}, "0.01": {"4": {"0.31622776601683794": 0.9075357603308982, "0.457190591177313": 0.8519920056105403, "0.5981534163377881": 0.7803359587711894, "0.739116241498263": 0.7089608437244421, "0.8800790666587381": 0.6489867277022578, "1.0210418918192132": 0.5994066897202929, "1.1620047169796883": 0.5642702929826905, "1.3029675421401634": 0.5367708980560422, "1.4439303673006385": 0.5137689537855243, "1.5848931924611136": 0.4978714172488747}}, "0.1": {"4": {"0.31622776601683794": 0.8167821842978082, "0.457190591177313": 0.766792805049486, "0.5981534163377881": 0.7023023628940711, "0.739116241498263": 0.6380647593519965, "0.8800790666587381": 0.5840880549320326, "1.0210418918192132": 0.539466020748263, "1.1620047169796883": 0.5078432636844217, "1.3029675421401634": 0.48309380825043813, "1.4439303673006385": 0.4623920584069718, "1.5848931924611136": 0.44808427552398744}}}