{"6": {"0.31622776601683794": 0.9311022348291057, "0.40014904815247887": 0.9087655550477985, "0.4840703302881198": 0.8781673499141481, "0.5679916124237607": 0.8362791187261444, "0.6519128945594017": 0.7852481970622475, "0.7358341766950426": 0.7299201454347017, "0.8197554588306835": 0.6819549047343096, "0.9036767409663244": 0.6249432011283338, "0.9875980231019654": 0.5802072403220502, "1.0715193052376064": 0.5454353164614203}}
