{"6": {"0.31622776601683794": 0.9309305264338301, "0.40014904815247887": 0.9096851410594888, "0.4840703302881198": 0.8786853847680551, "0.5679916124237607": 0.8364236334877302, "0.6519128945594017": 0.7835894919240787, "0.7358341766950426": 0.7287565358467729, "0.8197554588306835": 0.5322460086178837, "0.9036767409663244": 0.621606265186085, "0.9875980231019654": 0.5792357550389137, "1.0715193052376064": 0.5447221587211006}}