{"6": {"0.5011872336272722": 0.8708859155615638, "0.6215990068310324": 0.8040829140637993, "0.7420107800347926": 0.7235362732573584, "0.8624225532385527": 0.6169601122572532, "0.9828343264423128": 0.582813458500034, "1.1032460996460731": 0.5331362871889926, "1.223657872849833": 0.4965914485578109, "1.3440696460535932": 0.47133880375095055, "1.4644814192573534": 0.46645782569602157, "1.5848931924611136": 0.43364157042484347}}