{"4": {"0.31622776601683794": 0.0, "0.457190591177313": 0.0, "0.5981534163377881": 0.0, "0.739116241498263": 0.0, "0.8800790666587381": 0.0, "1.0210418918192132": 0.0, "1.1620047169796883": 0.0, "1.3029675421401634": 0.0, "1.4439303673006385": 0.0, "1.5848931924611136": 0.0}}