{"4": {"0.5011872336272722": 0.8402323948966154, "0.6215990068310324": 0.7779682533537917, "0.7420107800347926": 0.7146086749907179, "0.8624225532385527": 0.6600968606209897, "0.9828343264423128": 0.6170958815326614, "1.1032460996460731": 0.5832221612418041, "1.223657872849833": 0.5559546290697719, "1.3440696460535932": 0.5354360582159783, "1.4644814192573534": 0.518101072425567, "1.5848931924611136": 0.5021650112385613}}