{"6": {"0.31622776601683794": 0.9308765123636273, "0.40014904815247887": 0.9092523342056735, "0.4840703302881198": 0.8787284540806275, "0.5679916124237607": 0.8364065508490028, "0.6519128945594017": 0.7850695918186985, "0.7358341766950426": 0.7278161274890897, "0.8197554588306835": 0.5341534667267377, "0.9036767409663244": 0.6211448889565658, "0.9875980231019654": 0.58245085024508, "1.0715193052376064": 0.5434519837723626}}