{"6": {"0.5011872336272722": 0.8708257949270483, "0.6215990068310324": 0.8041746088622602, "0.7420107800347926": 0.7225980660997365, "0.8624225532385527": 0.6444777203178754, "0.9828343264423128": 0.5830620593524211, "1.1032460996460731": 0.5343348776845112, "1.223657872849833": 0.4973992449956466, "1.3440696460535932": 0.4740751898424703, "1.4644814192573534": 0.46680676462061205, "1.5848931924611136": 0.43460437618315756}}