{"8": {"0.31622776601683794": 0.9349664125540568, "0.6324555320336759": 0.8219880287444356, "0.9486832980505138": 0.5789791243499613, "1.2649110640673518": 0.44515234941889187, "1.5811388300841898": 0.38636413190108687, "1.8973665961010278": 0.3561024481145909, "2.2135943621178655": 0.3412483020526948, "2.5298221281347035": 0.32898859565053973, "2.8460498941515415": 0.3155206266508687, "3.1622776601683795": 0.3083480601603379}}