{"4": {"0.12589254117941673": 0.9589074213946991, "0.4632686655115237": 0.858941033338924, "0.8006447898436306": 0.6855480689822065, "1.1380209141757376": 0.5740881940377718, "1.4753970385078445": 0.516807943257529, "1.8127731628399515": 0.4832793869821306, "2.1501492871720584": 0.45572562420579443, "2.487525411504165": 0.44085381092848636, "2.8249015358362723": 0.43097333710224106, "3.1622776601683795": 0.4249783289953647}}