{"4": {"0.5011872336272722": 0.8402454137407649, "0.6215990068310324": 0.7754208781268864, "0.7420107800347926": 0.7157076034415566, "0.8624225532385527": 0.6616074546714926, "0.9828343264423128": 0.6165641061626346, "1.1032460996460731": 0.5822723752423075, "1.223657872849833": 0.557607666668757, "1.3440696460535932": 0.5333735027550374, "1.4644814192573534": 0.5181277823502354, "1.5848931924611136": 0.5026246551748039}}