{"3": {"0.31622776601683794": 0.8733234823414027, "0.40014904815247887": 0.8725466590819432, "0.4840703302881198": 0.839430358151483, "0.5679916124237607": 0.8036263864047195, "0.6519128945594017": 0.5407971022038144, "0.7358341766950426": 0.7207078341474067, "0.8197554588306835": 0.6955856457997514, "0.9036767409663244": 0.6993542049388792, "0.9875980231019654": 0.6801789831756948, "1.0715193052376064": 0.6642470140872386}, "6": {"0.31622776601683794": 0.9314637629665665, "0.40014904815247887": 0.9092689448037108, "0.4840703302881198": 0.8790832968798105, "0.5679916124237607": 0.8370356118156332, "0.6519128945594017": 0.7843885007184795, "0.7358341766950426": 0.7285059011227542, "0.8197554588306835": 0.5480579267039233, "0.9036767409663244": 0.6229694377880152, "0.9875980231019654": 0.5805880646896152, "1.0715193052376064": 0.5453095285824591}}