{"4": {"0.31622776601683794": 0.8328657792661383, "0.457190591177313": 0.7894858188157439, "0.5981534163377881": 0.7358758081215194, "0.739116241498263": 0.6612064159492547, "0.8800790666587381": 0.6267381391487492, "1.0210418918192132": 0.5758426607742335, "1.1620047169796883": 0.5419725515479451, "1.3029675421401634": 0.5247023837653669, "1.4439303673006385": 0.5080380929531988, "1.5848931924611136": 0.49491586165608564}}