{"6": {"0.7943282347242815": 0.6860280667051293, "1.0574337264402924": 0.5483042308760537, "1.3205392181563034": 0.47437075665058004, "1.583644709872314": 0.43598374605965495, "1.846750201588325": 0.4059701261237383, "2.109855693304336": 0.38943243562907076, "2.3729611850203467": 0.3785622377468196, "2.6360666767363576": 0.36697353322119913, "2.8991721684523686": 0.361986257271453, "3.1622776601683795": 0.355395197868815}}