{"4": {"0.5011872336272722": 0.7655163292508845, "0.6215990068310324": 0.7077720151523564, "0.7420107800347926": 0.6765868054629985, "0.8624225532385527": 0.6273065275766861, "0.9828343264423128": 0.5722144953779459, "1.1032460996460731": 0.5679005518038385, "1.223657872849833": 0.5345961332276257, "1.3440696460535932": 0.5108374448878477, "1.4644814192573534": 0.49285616013712874, "1.5848931924611136": 0.5029274824354931}}