{"4": {"0.3981071705534972": 0.8088089246522465, "0.5299722840987879": 0.760661332877795, "0.6618373976440786": 0.7031633833830667, "0.7937025111893693": 0.6488399531201563, "0.92556762473466": 0.5954246666764769, "1.0574327382799509": 0.5670597438912917, "1.1892978518252413": 0.5359821398801423, "1.3211629653705321": 0.5267303211438795, "1.453028078915823": 0.5049870694615821, "1.5848931924611136": 0.4861442062856276}}