{"4": {"0.5011872336272722": 0.7705385828719948, "0.6215990068310324": 0.7214223449365361, "0.7420107800347926": 0.6651060489554121, "0.8624225532385527": 0.6224062699032512, "0.9828343264423128": 0.5879773988309732, "1.1032460996460731": 0.5547994187593381, "1.223657872849833": 0.5336796513183413, "1.3440696460535932": 0.5113253089420494, "1.4644814192573534": 0.5078619305811761, "1.5848931924611136": 0.4778988274693673}}