{"4": {"0.5011872336272722": 0.5470280730608351, "0.6215990068310324": 0.6162414373076464, "0.7420107800347926": 0.6239227127534529, "0.8624225532385527": 0.6181363926178634, "0.9828343264423128": 0.5884673297372184, "1.1032460996460731": 0.5680085945218922, "1.223657872849833": 0.539683252879666, "1.3440696460535932": 0.5197522609248227, "1.4644814192573534": 0.5072904645875241, "1.5848931924611136": 0.49918169256308703}}