{"4": {"0.5011872336272722": 0.8315935812965158, "0.6215990068310324": 0.7655370746255823, "0.7420107800347926": 0.7124412518148486, "0.8624225532385527": 0.651561962066083, "0.9828343264423128": 0.6145517153665886, "1.1032460996460731": 0.5793458848696003, "1.223657872849833": 0.5520867556940159, "1.3440696460535932": 0.5299872905388581, "1.4644814192573534": 0.5147970717336325, "1.5848931924611136": 0.48888264783591834}}