{"4": {"0.7943282347242815": 0.641445605795979, "0.8821687855839295": 0.6216400408069245, "0.9700093364435776": 0.5917748158083725, "1.0578498873032256": 0.5638692707443936, "1.1456904381628736": 0.5557479479495334, "1.2335309890225217": 0.5281043786010753, "1.3213715398821695": 0.5299090173866652, "1.4092120907418175": 0.5164270069100295, "1.4970526416014656": 0.49419142656782805, "1.5848931924611136": 0.4949553525238295}}