{"4": {"0.5011872336272722": 0.7811205108051785, "0.6215990068310324": 0.7227465297598327, "0.7420107800347926": 0.6576548494846245, "0.8624225532385527": 0.611501632791873, "0.9828343264423128": 0.5861920386874266, "1.1032460996460731": 0.5509021113667076, "1.223657872849833": 0.5106516564489736, "1.3440696460535932": 0.5168335807916935, "1.4644814192573534": 0.4915890850324971, "1.5848931924611136": 0.4819873787603854}}