{"0.0": {"6": {"1.2589254117941673": 0.3677480266137301, "1.4219093021276406": 0.38461468141398947, "1.5848931924611136": 0.369364233684178}}, "0.1": {"6": {"1.2589254117941673": 2.1274126552189528e-05, "1.4219093021276406": 4.026592803187217e-05, "1.5848931924611136": 1.2866532051757518e-05}}, "0.01": {"6": {"1.2589254117941673": 0.0013012640319495978, "1.4219093021276406": 0.0026789844885725706, "1.5848931924611136": 0.0012352341507567844}}, "0.001": {"6": {"1.2589254117941673": 0.015184855579401555, "1.4219093021276406": 0.024027911546900906, "1.5848931924611136": 0.025199792950617486}}, "0.0001": {"6": {"1.2589254117941673": 0.11165989907838274, "1.4219093021276406": 0.1458940831976076, "1.5848931924611136": 0.1609409732424687}}, "1e-05": {"6": {"1.2589254117941673": 0.29913980330300344, "1.4219093021276406": 0.33075878536866843, "1.5848931924611136": 0.3272787729265007}}, "1e-07": {"6": {"1.2589254117941673": 0.36690674119190264, "1.4219093021276406": 0.38399193408164844, "1.5848931924611136": 0.368890616493854}}}