{"0.0": {"6": {"1.2589254117941673": 0.4752241732040666, "1.4219093021276406": 0.4595658386932852, "1.5848931924611136": 0.4242107431908301}}, "0.9": {"6": {"1.2589254117941673": 0.04751814026007715, "1.4219093021276406": 0.04595244773541893, "1.5848931924611136": 0.042417256384214834}}, "0.7": {"6": {"1.2589254117941673": 0.14256392535874152, "1.4219093021276406": 0.13786653461494497, "1.5848931924611136": 0.12726025345235156}}, "0.5": {"6": {"1.2589254117941673": 0.23760971045740592, "1.4219093021276406": 0.22978062149447062, "1.5848931924611136": 0.2121032505204886}}, "0.3": {"6": {"1.2589254117941673": 0.3326554955560707, "1.4219093021276406": 0.32169470837399683, "1.5848931924611136": 0.2969462475886245}}, "0.1": {"6": {"1.2589254117941673": 0.4277012806547346, "1.4219093021276406": 0.4136087952535224, "1.5848931924611136": 0.38178924465676134}}, "0.05": {"6": {"1.2589254117941673": 0.4514627269294008, "1.4219093021276406": 0.4365873169734028, "1.5848931924611136": 0.40299999392379615}}, "0.01": {"6": {"1.2589254117941673": 0.47047188394913364, "1.4219093021276406": 0.45497013434930916, "1.5848931924611136": 0.41996859333742337}}, "0.001": {"6": {"1.2589254117941673": 0.474748944278574, "1.4219093021276406": 0.45910626825888784, "1.5848931924611136": 0.42378652820548934}}}