{"0.0": {"4": {"1.2589254117941673": 0.5303651166997339, "1.2951440540904946": 0.5265957504769295, "1.331362696386822": 0.5202586149900141, "1.3675813386831495": 0.5142762878727243, "1.4037999809794768": 0.5090703362371188, "1.440018623275804": 0.504548957054188, "1.4762372655721314": 0.5027959645916703, "1.5124559078684587": 0.49807131109555863, "1.5486745501647863": 0.4931263641989638, "1.5848931924611136": 0.488529909243216}}, "0.01": {"4": {"1.2589254117941673": 0.5250614655327364, "1.2951440540904946": 0.5213297929721595, "1.331362696386822": 0.5150560288401144, "1.3675813386831495": 0.5091335249939974, "1.4037999809794768": 0.5039796328747475, "1.440018623275804": 0.499503467483646, "1.4762372655721314": 0.4977680049457539, "1.5124559078684587": 0.49309059798460275, "1.5486745501647863": 0.4881951005569742, "1.5848931924611136": 0.4836446101507838}}, "0.1": {"4": {"1.2589254117941673": 0.4725553189794629, "1.2951440540904946": 0.469196813674943, "1.331362696386822": 0.463550425956103, "1.3675813386831495": 0.45822017249459723, "1.4037999809794768": 0.45358166958727325, "1.440018623275804": 0.44955312073528203, "1.4762372655721314": 0.44799120445117796, "1.5124559078684587": 0.4437815381861431, "1.5486745501647863": 0.4393755905012766, "1.5848931924611136": 0.43528014913570595}}, "0.5": {"4": {"1.2589254117941673": 0.23627765948973145, "1.2951440540904946": 0.2345984068374715, "1.331362696386822": 0.2317752129780515, "1.3675813386831495": 0.22911008624729862, "1.4037999809794768": 0.22679083479363663, "1.440018623275804": 0.22477656036764102, "1.4762372655721314": 0.22399560222558898, "1.5124559078684587": 0.22189076909307154, "1.5486745501647863": 0.2196877952506383, "1.5848931924611136": 0.21764007456785298}}}