{"0.0": {"6": {"1.2589254117941673": 0.48315495958166016, "1.4219093021276406": 0.46894705966807676, "1.5848931924611136": 0.43270183974642734}}, "0.9": {"6": {"1.2589254117941673": 1.439651978335865e-05, "1.4219093021276406": 4.54142422376035e-06, "1.5848931924611136": 2.6120907301888328e-05}}, "0.7": {"6": {"1.2589254117941673": 0.00012958631763572193, "1.4219093021276406": 4.089320319708425e-05, "1.5848931924611136": 0.0002352466340886705}}, "0.5": {"6": {"1.2589254117941673": 0.0003604320219120024, "1.4219093021276406": 0.00011767952177165738, "1.5848931924611136": 0.0006658328927921545}}, "0.3": {"6": {"1.2589254117941673": 0.0007573996490576278, "1.4219093021276406": 0.0003963978384160568, "1.5848931924611136": 0.0015599062710524444}}, "0.1": {"6": {"1.2589254117941673": 0.003341663415969423, "1.4219093021276406": 0.004249087519664066, "1.5848931924611136": 0.006059675402449043}}, "0.05": {"6": {"1.2589254117941673": 0.007669737278953691, "1.4219093021276406": 0.010403567851961826, "1.5848931924611136": 0.012301544344182333}}, "0.01": {"6": {"1.2589254117941673": 0.03692716903854876, "1.4219093021276406": 0.048690163173729706, "1.5848931924611136": 0.05688957681764946}}, "0.001": {"6": {"1.2589254117941673": 0.20013624780940367, "1.4219093021276406": 0.2537957759805124, "1.5848931924611136": 0.26741389768354207}}}