{"0.01": {"4": {"0.31622776601683794": 0.909091616248923, "0.457190591177313": 0.8527414628889943, "0.5981534163377881": 0.7815513151528692, "0.739116241498263": 0.7083475556633858, "0.8800790666587381": 0.6468141989888561, "1.0210418918192132": 0.6001039113175908, "1.1620047169796883": 0.5606753033982567, "1.3029675421401634": 0.5381231924999921, "1.4439303673006385": 0.5142300160898601, "1.5848931924611136": 0.5017672258409168}}, "0.1": {"4": {"0.31622776601683794": 0.8181824546240296, "0.457190591177313": 0.7674673166000943, "0.5981534163377881": 0.7033961836375809, "0.739116241498263": 0.6375128000970468, "0.8800790666587381": 0.5821327790899704, "1.0210418918192132": 0.5400935201858313, "1.1620047169796883": 0.5046077730584311, "1.3029675421401634": 0.4843108732499933, "1.4439303673006385": 0.4628070144808748, "1.5848931924611136": 0.4515905032568239}}, "0.5": {"4": {"0.31622776601683794": 0.4090912273120148, "0.457190591177313": 0.38373365830004713, "0.5981534163377881": 0.35169809181879047, "0.739116241498263": 0.3187564000485234, "0.8800790666587381": 0.2910663895449852, "1.0210418918192132": 0.27004676009291567, "1.1620047169796883": 0.25230388652921554, "1.3029675421401634": 0.24215543662499664, "1.4439303673006385": 0.2314035072404374, "1.5848931924611136": 0.22579525162841196}}}