{"0.0": {"6": {"0.7943282347242815": 0.6609971081521567, "0.8821687855839295": 0.6099157255410745, "0.9700093364435776": 0.5675699902263207, "1.0578498873032256": 0.5294310161756538, "1.1456904381628736": 0.5021767897358074, "1.2335309890225217": 0.4798546432857794, "1.3213715398821695": 0.4611843249463057, "1.4092120907418175": 0.4568872220305071, "1.4970526416014656": 0.44713973433903836, "1.5848931924611136": 0.4249816722152412}}, "0.01": {"6": {"0.7943282347242815": 0.6543871370706359, "0.8821687855839295": 0.603816568285665, "0.9700093364435776": 0.5618942903240589, "1.0578498873032256": 0.5241367060138977, "1.1456904381628736": 0.4971550218384484, "1.2335309890225217": 0.4750560968529222, "1.3213715398821695": 0.4565724816968427, "1.4092120907418175": 0.45231834981020086, "1.4970526416014656": 0.44266833699564734, "1.5848931924611136": 0.4207318554930894}}, "0.1": {"6": {"0.7943282347242815": 0.5889484233635724, "0.8821687855839295": 0.5434349114570985, "0.9700093364435776": 0.5057048612916514, "1.0578498873032256": 0.47172303541250826, "1.1456904381628736": 0.44743951965460427, "1.2335309890225217": 0.42755048716762933, "1.3213715398821695": 0.410915233527158, "1.4092120907418175": 0.407086514829182, "1.4970526416014656": 0.3984015032960829, "1.5848931924611136": 0.3786586699437804}}, "0.5": {"6": {"0.7943282347242815": 0.2944742116817862, "0.8821687855839295": 0.2717174557285493, "0.9700093364435776": 0.2528524306458257, "1.0578498873032256": 0.23586151770625413, "1.1456904381628736": 0.22371975982730213, "1.2335309890225217": 0.21377524358381467, "1.3213715398821695": 0.205457616763579, "1.4092120907418175": 0.203543257414591, "1.4970526416014656": 0.19920075164804146, "1.5848931924611136": 0.1893293349718902}}}