{"0.0": {"6": {"1.2589254117941673": 0.4246068603730282, "1.4219093021276406": 0.42938286086085914, "1.5848931924611136": 0.4076218659622406}}, "0.1": {"6": {"1.2589254117941673": 9.451135750467009e-05, "1.4219093021276406": 0.00013417537304601996, "1.5848931924611136": 8.604947276687356e-05}}, "0.01": {"6": {"1.2589254117941673": 0.002023574200561434, "1.4219093021276406": 0.0036729138968576145, "1.5848931924611136": 0.005712764425000052}}, "0.001": {"6": {"1.2589254117941673": 0.027739101038138706, "1.4219093021276406": 0.04359197414733958, "1.5848931924611136": 0.052127076024213195}}, "0.0001": {"6": {"1.2589254117941673": 0.18007813450095825, "1.4219093021276406": 0.22227210516101928, "1.5848931924611136": 0.24487926825374962}}, "1e-05": {"6": {"1.2589254117941673": 0.37436295328372193, "1.4219093021276406": 0.3931072473712091, "1.5848931924611136": 0.38246178981835893}}, "1e-07": {"6": {"1.2589254117941673": 0.4240391534153981, "1.4219093021276406": 0.4289878989862002, "1.5848931924611136": 0.4073543459385829}}}