{"0.0": {"6": {"0.31622776601683794": 0.9310710362451994, "0.457190591177313": 0.8890269078586895, "0.5981534163377881": 0.8183919857438261, "0.739116241498263": 0.7252906743628416, "0.8800790666587381": 0.6331520336160511, "1.0210418918192132": 0.5645560977401828, "1.1620047169796883": 0.5146316866137178, "1.3029675421401634": 0.4806791464395184, "1.4439303673006385": 0.4721718515117983, "1.5848931924611136": 0.4368186335275087}}, "0.9": {"6": {"0.31622776601683794": 0.09309872390139642, "0.457190591177313": 0.08889468946368498, "0.5981534163377881": 0.08183183297285494, "0.739116241498263": 0.07252253975493811, "0.8800790666587381": 0.06330950493631828, "1.0210418918192132": 0.05645052871832798, "1.1620047169796883": 0.05145853692987481, "1.3029675421401634": 0.04806358848837237, "1.4439303673006385": 0.04721293556202028, "1.5848931924611136": 0.04367793194573506}}, "0.7": {"6": {"0.31622776601683794": 0.2793147933111306, "0.457190591177313": 0.26670184910701916, "0.5981534163377881": 0.24551186692195984, "0.739116241498263": 0.21758212522336087, "0.8800790666587381": 0.18994117797625892, "1.0210418918192132": 0.16936287738985123, "1.1620047169796883": 0.154385903526284, "1.3029675421401634": 0.14420037914418274, "1.4439303673006385": 0.14164825021752656, "1.5848931924611136": 0.13104253229724014}}, "0.5": {"6": {"0.31622776601683794": 0.46553086272086536, "0.457190591177313": 0.44450900875035293, "0.5981534163377881": 0.40919190087106405, "0.739116241498263": 0.36264171069178414, "0.8800790666587381": 0.31657285101619986, "1.0210418918192132": 0.282275226061374, "1.1620047169796883": 0.2573132701226939, "1.3029675421401634": 0.2403371697999927, "1.4439303673006385": 0.23608356487303264, "1.5848931924611136": 0.2184071326487452}}, "0.3": {"6": {"0.31622776601683794": 0.6517469321305994, "0.457190591177313": 0.6223161683936868, "0.5981534163377881": 0.5728719348201688, "0.739116241498263": 0.5077012961602074, "0.8800790666587381": 0.4432045240561406, "1.0210418918192132": 0.3951875747328977, "1.1620047169796883": 0.3602406367191027, "1.3029675421401634": 0.3364739604558032, "1.4439303673006385": 0.3305188795285384, "1.5848931924611136": 0.30577173300025096}}, "0.1": {"6": {"0.31622776601683794": 0.8379630015403338, "0.457190591177313": 0.800123328037021, "0.5981534163377881": 0.7365519687692744, "0.739116241498263": 0.65276088162863, "0.8800790666587381": 0.5698361970960818, "1.0210418918192132": 0.5080999234044201, "1.1620047169796883": 0.4631680033155131, "1.3029675421401634": 0.43261075111161357, "1.4439303673006385": 0.4249541941840455, "1.5848931924611136": 0.3931363333517558}}, "0.05": {"6": {"0.31622776601683794": 0.8845170188927666, "0.457190591177313": 0.8445751179478544, "0.5981534163377881": 0.7774719772565507, "0.739116241498263": 0.6890257779957369, "0.8800790666587381": 0.6014941153560657, "1.0210418918192132": 0.5363280105723018, "1.1620047169796883": 0.48889984496461525, "1.3029675421401634": 0.4566449487755656, "1.4439303673006385": 0.44856302284792166, "1.5848931924611136": 0.4149774834396324}}, "0.01": {"6": {"0.31622776601683794": 0.9217602327747139, "0.457190591177313": 0.8801365498765202, "0.5981534163377881": 0.8102079840463713, "0.739116241498263": 0.7180376950894203, "0.8800790666587381": 0.6268204499640543, "1.0210418918192132": 0.5589104803066062, "1.1620047169796883": 0.5094853182838968, "1.3029675421401634": 0.4758723069067285, "1.4439303673006385": 0.4674500857790223, "1.5848931924611136": 0.4324504035099331}}, "0.001": {"6": {"0.31622776601683794": 0.9301399558981511, "0.457190591177313": 0.888137872060471, "0.5981534163377881": 0.8175735855740814, "0.739116241498263": 0.7245653764354988, "0.8800790666587381": 0.6325188752508515, "1.0210418918192132": 0.5639915359968242, "1.1620047169796883": 0.514117049780735, "1.3029675421401634": 0.48019846248624004, "1.4439303673006385": 0.4716996749385208, "1.5848931924611136": 0.43638181052575103}}}