{"0.0": {"6": {"1.2589254117941673": 0.48881164268827226, "1.4219093021276406": 0.4720501082942206, "1.5848931924611136": 0.43661176942233687}}, "0.9": {"6": {"1.2589254117941673": 0.04887676492004959, "1.4219093021276406": 0.047200762335962425, "1.5848931924611136": 0.04365724739701341}}, "0.7": {"6": {"1.2589254117941673": 0.14664007109076604, "1.4219093021276406": 0.14161172810446418, "1.5848931924611136": 0.1309804745137519}}, "0.5": {"6": {"1.2589254117941673": 0.2444033772614823, "1.4219093021276406": 0.23602269387296598, "1.5848931924611136": 0.21830370163049018}}, "0.3": {"6": {"1.2589254117941673": 0.34216668343219836, "1.4219093021276406": 0.3304336596414672, "1.5848931924611136": 0.30562692874722935}}, "0.1": {"6": {"1.2589254117941673": 0.43992998960291485, "1.4219093021276406": 0.4248446254099697, "1.5848931924611136": 0.3929501558639672}}, "0.05": {"6": {"1.2589254117941673": 0.4643708161455937, "1.4219093021276406": 0.4484473668520949, "1.5848931924611136": 0.4147809626431524}}, "0.01": {"6": {"1.2589254117941673": 0.48392347737973773, "1.4219093021276406": 0.46732956000579573, "1.5848931924611136": 0.43224560806650003}}, "0.001": {"6": {"1.2589254117941673": 0.48832282615742, "1.4219093021276406": 0.4715780534653781, "1.5848931924611136": 0.4361751532867531}}}