{"0.0": {"4": {"0.31622776601683794": 0.9186191252104472, "0.457190591177313": 0.8613944639466916, "0.5981534163377881": 0.7877056223570599, "0.739116241498263": 0.7154635359999183, "0.8800790666587381": 0.6526602137931944, "1.0210418918192132": 0.6053094454616049, "1.1620047169796883": 0.5687823012705577, "1.3029675421401634": 0.542652515623242, "1.4439303673006385": 0.5184155227850483, "1.5848931924611136": 0.503662571611299}}, "0.01": {"4": {"0.31622776601683794": 0.909432933958342, "0.457190591177313": 0.8527805193072243, "0.5981534163377881": 0.7798285661334884, "0.739116241498263": 0.7083089006399209, "0.8800790666587381": 0.6461336116552633, "1.0210418918192132": 0.5992563510069888, "1.1620047169796883": 0.5630944782578521, "1.3029675421401634": 0.53722599046701, "1.4439303673006385": 0.5132313675571976, "1.5848931924611136": 0.4986259458951861}}, "0.1": {"4": {"0.31622776601683794": 0.818489640562508, "0.457190591177313": 0.7675024673765022, "0.5981534163377881": 0.7018457095201385, "0.739116241498263": 0.6374780105759278, "0.8800790666587381": 0.5815202504897371, "1.0210418918192132": 0.5393307159062902, "1.1620047169796883": 0.5067850304320678, "1.3029675421401634": 0.48350339142030946, "1.4439303673006385": 0.46190823080147775, "1.5848931924611136": 0.4487633513056674}}, "0.5": {"4": {"0.31622776601683794": 0.409244820281254, "0.457190591177313": 0.3837512336882511, "0.5981534163377881": 0.35092285476006924, "0.739116241498263": 0.3187390052879639, "0.8800790666587381": 0.29076012524486855, "1.0210418918192132": 0.2696653579531451, "1.1620047169796883": 0.2533925152160339, "1.3029675421401634": 0.24175169571015473, "1.4439303673006385": 0.23095411540073887, "1.5848931924611136": 0.2243816756528337}}}
