{"6": {"0.7943282347242815": 0.6614947659569483, "0.8821687855839295": 0.6090623278269852, "0.9700093364435776": 0.5679683937874916, "1.0578498873032256": 0.5328419911149291, "1.1456904381628736": 0.5036796372867192, "1.2335309890225217": 0.4813300214455398, "1.3213715398821695": 0.46228654004668257, "1.4092120907418175": 0.457878489041517, "1.4970526416014656": 0.4458857532514121, "1.5848931924611136": 0.4236414600221344}}