{"4": {"0.5011872336272722": 0.6124914109357465, "0.6215990068310324": 0.5709600243762624, "0.7420107800347926": 0.525661443163577, "0.8624225532385527": 0.5061177875649924, "0.9828343264423128": 0.4803707342843718, "1.1032460996460731": 0.4597965395934199, "1.223657872849833": 0.4494850500867301, "1.3440696460535932": 0.4407410750942695, "1.4644814192573534": 0.43831398682252887, "1.5848931924611136": 0.42622725914774584}}