{"4": {"0.5011872336272722": 0.6153154791087081, "0.6215990068310324": 0.5677807154653477, "0.7420107800347926": 0.522323750785206, "0.8624225532385527": 0.49799322360011344, "0.9828343264423128": 0.47437402562098163, "1.1032460996460731": 0.46500852930523734, "1.223657872849833": 0.4486339117776384, "1.3440696460535932": 0.44213862735910975, "1.4644814192573534": 0.43441098201021583, "1.5848931924611136": 0.4247826196010361}}