{"4": {"0.5011872336272722": 0.8089977224320285, "0.6215990068310324": 0.7465545078613678, "0.7420107800347926": 0.6848402196638587, "0.8624225532385527": 0.6340500375597636, "0.9828343264423128": 0.5942890421599017, "1.1032460996460731": 0.5640451721256156, "1.223657872849833": 0.5394406056757233, "1.3440696460535932": 0.5185473077313296, "1.4644814192573534": 0.5053801285750634, "1.5848931924611136": 0.4870622157919336}}