{
    "times": [
        0.0,
        1.0344827586206897,
        2.0689655172413794,
        3.1034482758620694,
        4.137931034482759,
        5.172413793103448,
        6.206896551724139,
        7.241379310344828,
        8.275862068965518,
        9.310344827586208,
        10.344827586206897,
        11.379310344827587,
        12.413793103448278,
        13.448275862068966,
        14.482758620689657,
        15.517241379310345,
        16.551724137931036,
        17.586206896551726,
        18.620689655172416,
        19.655172413793103,
        20.689655172413794,
        21.724137931034484,
        22.758620689655174,
        23.793103448275865,
        24.827586206896555,
        25.862068965517242,
        26.896551724137932,
        27.931034482758623,
        28.965517241379313,
        30.0
    ],
    "1c91af61": {
        "inverse temperature": 1000,
        "interaction strengths": [
            5e-05,
            0.0001,
            0.00025
        ],
        "delta t's": [
            2.2222222222222223,
            1.1111111111111112,
            0.4444444444444444
        ],
        "interaction lambda's": [
            0.44999999999999996,
            0.8999999999999999,
            2.25
        ],
        "5e-05": {
            "lindbladian": [],
            "interaction": [
                0.2,
                0.2,
                0.2,
                0.5846686,
                0.5846686,
                0.6334374,
                0.6334374,
                0.671792,
                0.671792,
                0.7096662,
                0.7096662,
                0.7462190000000001,
                0.7462190000000001,
                0.7780504,
                0.7780504,
                0.7780504,
                0.8056610000000002,
                0.8056610000000002,
                0.8300968000000001,
                0.8300968000000001,
                0.8512144,
                0.8512144,
                0.869496,
                0.869496,
                0.8856192,
                0.8856192,
                0.8999204000000001,
                0.8999204000000001,
                0.9124876,
                0.9124876
            ]
        },
        "00001": {
            "lindbladian": [],
            "interaction": [
                0.2,
                0.2,
                0.744515,
                0.9082938,
                0.9644069999999999,
                0.9846038,
                0.9927657999999999,
                0.9953162,
                0.9963992,
                0.9966987999999999,
                0.9968324000000001,
                0.9969044,
                0.9969180000000002,
                0.9969317999999999,
                0.9969292,
                0.9969292,
                0.99693,
                0.996931,
                0.9969308,
                0.9969318,
                0.9969308,
                0.9969308,
                0.9969308,
                0.9969308,
                0.9969308,
                0.9969308,
                0.9969308,
                0.9969308,
                0.9969308,
                0.9969308
            ]
        },
        "000025": {
            "lindbladian": [],
            "interaction": [
                0.2,
                0.9306468,
                0.9927978,
                0.9982724000000001,
                0.9988429999999998,
                0.9988518000000002,
                0.9988536000000001,
                0.9988550000000002,
                0.9988540000000001,
                0.9988540000000001,
                0.9988540000000001,
                0.9988540000000001,
                0.9988540000000001,
                0.9988540000000001,
                0.9988540000000001,
                0.9988540000000001,
                0.9988540000000001,
                0.9988540000000001,
                0.9988540000000001,
                0.9988540000000001,
                0.9988540000000001,
                0.9988540000000001,
                0.9988540000000001,
                0.9988540000000001,
                0.9988540000000001,
                0.9988540000000001,
                0.9988540000000001,
                0.9988540000000001,
                0.9988540000000001,
                0.9988540000000001
            ]
        }
    }
}