{
    "inv_temp": 10,
    "qubits": 6,
    "h_val": -0.1,
    "eps": 0.1,
    "beta": 4.5399929762484854e-05,
    "gamma": 4.5397868702434395e-05,
    "times": [
        1.0,
        2.125,
        3.25,
        4.375,
        5.5,
        6.625,
        7.75,
        8.875,
        10.0
    ],
    "results": {
        "1": {
            "taus": {
                "1.0": 0.01,
                "2.125": 0.02125,
                "3.25": 0.0325,
                "4.375": 0.04375,
                "5.5": 0.055,
                "6.625": 0.06625,
                "7.75": 0.0775,
                "8.875": 0.08875,
                "10.0": 0.1
            },
            "interaction": [
                0.44449933333333325,
                0.6016916666666665,
                0.654985,
                0.6738299999999997,
                0.6792903333333332,
                0.6813636666666666,
                0.6821256666666665,
                0.6822589999999998,
                0.6823703333333334
            ],
            "lindbladian": [
                0.44412166666666664,
                0.6010926666666665,
                0.6545013333333332,
                0.673541,
                0.6791349999999999,
                0.6812796666666665,
                0.6820889999999997,
                0.6822383333333333,
                0.6823580000000001
            ]
        },
        "0.5": {
            "taus": {
                "1.0": 0.01,
                "2.125": 0.02125,
                "3.25": 0.0325,
                "4.375": 0.04375,
                "5.5": 0.055,
                "6.625": 0.06625,
                "7.75": 0.0775,
                "8.875": 0.08875,
                "10.0": 0.1
            },
            "interaction": [
                0.3115466666666667,
                0.45471933333333336,
                0.5461516666666666,
                0.6035900000000001,
                0.6344860000000001,
                0.6534786666666668,
                0.6655543333333332,
                0.6717513333333331,
                0.6761159999999998
            ],
            "lindbladian": [
                0.31142366666666665,
                0.4543203333333333,
                0.5455733333333334,
                0.6029709999999998,
                0.6339126666666667,
                0.6529606666666665,
                0.6651356666666666,
                0.6714223333333333,
                0.6758526666666668
            ]
        },
        "0.1": {
            "taus": {
                "1.0": 0.01,
                "2.125": 0.02125,
                "3.25": 0.0325,
                "4.375": 0.04375,
                "5.5": 0.055,
                "6.625": 0.06625,
                "7.75": 0.0775,
                "8.875": 0.08875,
                "10.0": 0.1
            },
            "interaction": [
                0.205556,
                0.229697,
                0.25526899999999997,
                0.288287,
                0.31327099999999997,
                0.337878,
                0.3643726666666666,
                0.38278066666666655,
                0.4028396666666667
            ],
            "lindbladian": [
                0.2055523333333333,
                0.22967733333333334,
                0.25522766666666663,
                0.28820366666666664,
                0.31314833333333325,
                0.3377029999999999,
                0.36414633333333324,
                0.3825306666666666,
                0.4025356666666666
            ]
        }
    }
}