{
    "inv_temp": 1000000,
    "qubits": 6,
    "h_val": -0.1,
    "eps": 0.1,
    "beta": 0.0,
    "gamma": 0.0,
    "times": [
        1.0,
        2.125,
        3.25,
        4.375,
        5.5,
        6.625,
        7.75,
        8.875,
        10.0
    ],
    "results": {
        "1": {
            "taus": {
                "1.0": 0.01,
                "2.125": 0.02125,
                "3.25": 0.0325,
                "4.375": 0.04375,
                "5.5": 0.055,
                "6.625": 0.06625,
                "7.75": 0.0775,
                "8.875": 0.08875,
                "10.0": 0.1
            },
            "interaction": [
                0.44453566666666655,
                0.601746,
                0.6550446666666665,
                0.6738933333333332,
                0.6793533333333333,
                0.681428,
                0.6821876666666664,
                0.6823216666666666,
                0.6824336666666666
            ],
            "lindbladian": [
                0.4441553333333333,
                0.6011466666666666,
                0.6545619999999999,
                0.6736029999999998,
                0.6791973333333332,
                0.6813429999999998,
                0.6821516666666666,
                0.6823003333333332,
                0.6824206666666666
            ]
        },
        "0.5": {
            "taus": {
                "1.0": 0.01,
                "2.125": 0.02125,
                "3.25": 0.0325,
                "4.375": 0.04375,
                "5.5": 0.055,
                "6.625": 0.06625,
                "7.75": 0.0775,
                "8.875": 0.08875,
                "10.0": 0.1
            },
            "interaction": [
                0.31156566666666663,
                0.4547586666666667,
                0.5461986666666665,
                0.6036453333333333,
                0.634547,
                0.6535393333333332,
                0.665619,
                0.671817,
                0.6761816666666666
            ],
            "lindbladian": [
                0.3114406666666667,
                0.4543573333333334,
                0.5456219999999999,
                0.6030269999999999,
                0.633972,
                0.6530209999999999,
                0.6651999999999999,
                0.6714863333333332,
                0.6759183333333332
            ]
        },
        "0.1": {
            "taus": {
                "1.0": 0.01,
                "2.125": 0.02125,
                "3.25": 0.0325,
                "4.375": 0.04375,
                "5.5": 0.055,
                "6.625": 0.06625,
                "7.75": 0.0775,
                "8.875": 0.08875,
                "10.0": 0.1
            },
            "interaction": [
                0.20555833333333332,
                0.22970333333333334,
                0.2552773333333333,
                0.288302,
                0.31328733333333336,
                0.3378986666666666,
                0.3643973333333333,
                0.3828099999999999,
                0.4028696666666666
            ],
            "lindbladian": [
                0.20555566666666666,
                0.229683,
                0.255235,
                0.2882166666666667,
                0.3131673333333333,
                0.33772499999999994,
                0.36417333333333335,
                0.3825603333333333,
                0.40256666666666663
            ]
        }
    }
}